cluster_id,cluster_size,original_index,selection_score,doc_id,title,url,date,source
0,731,174312,0.920602560043335,202101232140001095059,상가 건물 화재…인명 피해 없어,https://news.naver.com/main/read.nhn?mode=LPOD&mid=sec&oid=214&aid=0001095059,20210123,MBC
1,269,56420,0.8867786526679993,202302254210006651592,충남 금산 부리면서 산불 발생…현재 진화중,https://n.news.naver.com/mnews/article/421/0006651592?rc=N&ntype=RANKING,20230225,뉴스1
2,724,125767,0.9181440472602844,202203026290000135592,대구 북구 공장서 화재...진화중,https://news.naver.com/main/read.naver?mode=LPOD&mid=sec&oid=629&aid=0000135592,20220302,더팩트
3,814,39457,0.9503738880157471,202304110010013873784,화재 진압하는 소방대원들,https://n.news.naver.com/mnews/article/001/0013873784?rc=N&ntype=RANKING,20230411,연합뉴스
4,380,105954,0.9113343954086304,202204094220000536577,[날씨] 주말 완연한 봄…건조특보에 강풍 '산불 주의',https://news.naver.com/main/read.naver?mode=LPOD&mid=sec&oid=422&aid=0000536577,20220409,연합뉴스TV
5,154,35893,0.9397854804992676,202304180080004876576,"LS, 강릉 산불 피해복구에 성금 3억원 기탁",https://n.news.naver.com/mnews/article/008/0004876576?rc=N&ntype=RANKING,20230418,머니투데이
6,156,148547,0.9015508890151978,202108216290000101698,인천 다가구주택서 화재… 사망 1명·중상 2명,https://news.naver.com/main/read.naver?mode=LPOD&mid=sec&oid=629&aid=0000101698,20210821,더팩트
7,628,163192,0.8824754953384399,202104110010012320597,창원 아파트서 불…주민 10명 대피,https://news.naver.com/main/read.nhn?mode=LPOD&mid=sec&oid=001&aid=0012320597,20210411,연합뉴스
8,263,40022,0.9353781938552856,202304110520001871873,"[속보] 尹, 강릉 산불에 ""주민 신속대피·방화선 구축"" 지시",https://n.news.naver.com/mnews/article/052/0001871873?rc=N&ntype=RANKING,20230411,YTN
9,250,17289,0.9395030736923218,202308274210007011943,`산불 참사` 하와이 마우이섬서 또 산불로 일시 대피령,https://n.news.naver.com/mnews/article/421/0007011943,20230827,뉴스1
10,334,64438,0.8879191875457764,202301096610000018629,차량 화재...방화 혐의 30대 검거,https://n.news.naver.com/mnews/article/661/0000018629?rc=N&ntype=RANKING,20230109,JIBS
11,506,58131,0.9098079800605774,202302154210006633191,화천 군부대 인근서 산불…헬기 3대 투입 진화중,https://n.news.naver.com/mnews/article/421/0006633191?rc=N&ntype=RANKING,20230215,뉴스1
12,487,51035,0.9231492280960083,202303120020002278778,"북부지방산림청, 봄철 산불예방 행정력 총동원",https://n.news.naver.com/mnews/article/002/0002278778?rc=N&ntype=RANKING,20230312,프레시안
13,391,86679,0.9199544191360474,202208170050001546974,대구 한 주택서 불…80대 노인 숨져,https://n.news.naver.com/mnews/article/005/0001546974?rc=N&ntype=RANKING,20220817,국민일보
14,179,29549,0.8974111080169678,202305230520001888172,기와 주택에서 불...50대 거주자 2도 화상,https://n.news.naver.com/mnews/article/052/0001888172,20230523,YTN
15,394,44425,0.8948425650596619,202304020210002564514,"불 또 불, 전국서 동시다발 발생…소방청, 긴급중앙통제단 가동",https://n.news.naver.com/mnews/article/021/0002564514?rc=N&ntype=RANKING,20230402,문화일보
16,595,129768,0.8721054792404175,202202110760003831155,"봄배구 희망 살렸다…삼성화재, 우리카드 제압 '4위 도약' [V리그 리뷰]",https://sports.news.naver.com/news?oid=076&aid=0003831155,20220211,스포츠조선
17,80,5256,0.892375111579895,202311290280002666721,안성 칠장사 화재…스님 추정 1명 숨진 채 발견,https://n.news.naver.com/mnews/article/028/0002666721,20231129,한겨레
18,372,1804,0.9487757682800293,202312230150004928628,[속보] 포스코 포항제철소서 화재…공장 가동 중단,https://n.news.naver.com/mnews/article/015/0004928628,20231223,한국경제
19,621,160445,0.9324055910110474,202104300030010475106,부산 주택 화재…1명 사망·1명 연기흡입,https://news.naver.com/main/read.nhn?mode=LPOD&mid=sec&oid=003&aid=0010475106,20210430,뉴시스
20,142,17589,0.9080117344856262,202308254210007010362,화성 자원순환시설 화재…서해고속도 향남졸음쉼터 양방향 2km 통제(상보),https://n.news.naver.com/mnews/article/421/0007010362,20230825,뉴스1
21,734,124923,0.9098647832870483,202203040010013029678,연기 내뿜는 산불,https://news.naver.com/main/read.naver?mode=LPOD&mid=sec&oid=001&aid=0013029678,20220304,연합뉴스
22,868,148068,0.931848406791687,202108270030010687704,"""산불 번짐을 막아라""",https://news.naver.com/main/read.naver?mode=LPOD&mid=sec&oid=003&aid=0010687704,20210827,뉴시스
23,955,103011,0.9539022445678711,202204190560011251098,[날씨] 강원 전역 건조주의보·동해안 강풍…화재 주의!,https://news.naver.com/main/read.naver?mode=LPOD&mid=sec&oid=056&aid=0011251098,20220419,KBS
24,390,69749,0.8997783660888672,202212126290000189604,"[인사] 삼성화재, 신임 부사장에 구영민·김준하·최재봉",https://n.news.naver.com/mnews/article/629/0000189604?rc=N&ntype=RANKING,20221212,더팩트
25,356,176460,0.8351908922195435,202101060810003153625,ESS(에너지 저장장치) 화재 차단 기술 개발,https://news.naver.com/main/read.nhn?mode=LPOD&mid=sec&oid=081&aid=0003153625,20210106,서울신문
26,436,40050,0.9167750477790833,202304110010013872301,강릉서 산불…대피한 주민들,https://n.news.naver.com/mnews/article/001/0013872301?rc=N&ntype=RANKING,20230411,연합뉴스
27,503,42671,0.916092038154602,202304040520001868894,'산불 대응 3단계' 홍성·금산·대전 산불...사흘째 진화 작업 중,https://n.news.naver.com/mnews/article/052/0001868894?rc=N&ntype=RANKING,20230404,YTN
28,326,50871,0.9369393587112427,202303136290000205380,대전 한국타이어 공장에서 화재 발생 [포토],https://n.news.naver.com/mnews/article/629/0000205380?rc=N&ntype=RANKING,20230313,더팩트
29,422,93568,0.8980555534362793,202206146590000003442,폐목재 가공 공장 불.. 6시간 지나 진화,https://n.news.naver.com/mnews/article/659/0000003442?rc=N&ntype=RANKING,20220614,전주MBC
30,615,104186,0.9131057262420654,202204130560011247246,곳곳서 산불 잇따라…대형산불 주의보 4월 집중,https://news.naver.com/main/read.naver?mode=LPOD&mid=sec&oid=056&aid=0011247246,20220413,KBS
31,675,67095,0.9046286344528198,202212290010013670969,과천 제2경인고속도로 방음터널 화재,https://n.news.naver.com/mnews/article/001/0013670969?rc=N&ntype=RANKING,20221229,연합뉴스
32,689,94293,0.854790449142456,202206090220003703662,"[속보] 대구 변호사 사무실 빌딩서 화재…소방 당국 ""7명 사망 추정""",https://n.news.naver.com/mnews/article/022/0003703662?rc=N&ntype=RANKING,20220609,세계일보
33,1308,170119,0.913425087928772,202102222140001101348,곳곳 산불…건조날씨에 전국적으로 발생,https://news.naver.com/main/read.nhn?mode=LPOD&mid=sec&oid=214&aid=0001101348,20210222,MBC
34,315,86906,0.9256867170333862,202208140570001683547,부산 한 아파트서 불…주민 30여 명 대피,https://n.news.naver.com/mnews/article/057/0001683547?rc=N&ntype=RANKING,20220814,MBN
35,283,141045,0.8612221479415894,202111194370000281313,"거제 폐기물 처리공장에서 화재, 12시간 만에 진화",https://news.naver.com/main/read.naver?mode=LPOD&mid=sec&oid=437&aid=0000281313,20211119,JTBC
36,251,27555,0.9263742566108704,202306080520001894826,"캐나다, 산불 피해 `심각`",https://n.news.naver.com/mnews/article/052/0001894826,20230608,YTN
37,527,50846,0.9193757176399231,202303130030011738133,"""화재 예방""…서울 전통시장 소방 시설 전수 조사",https://n.news.naver.com/mnews/article/003/0011738133?rc=N&ntype=RANKING,20230313,뉴시스
38,202,36308,0.9372298717498779,202304170160002131343,"한화그룹, 강릉 산불에 피해복구 성금 10억원 기탁",https://n.news.naver.com/mnews/article/016/0002131343?rc=N&ntype=RANKING,20230417,헤럴드경제
39,1094,133801,0.9367738962173462,202201156610000000177,다가구 주택 화재..인명피해 없어,https://news.naver.com/main/read.naver?mode=LPOD&mid=sec&oid=661&aid=0000000177,20220115,JIBS
40,284,166417,0.8374149799346924,202103180090004765341,화재 피해 주민 숙박비 지원 지자체 잇따라,https://news.naver.com/main/read.nhn?mode=LPOD&mid=sec&oid=009&aid=0004765341,20210318,매일경제
41,323,51563,0.9230203628540039,202303110180005440546,"부모와 말다툼하다 집에 불낸 40대 아들, 범행 이유가…",https://n.news.naver.com/mnews/article/018/0005440546?rc=N&ntype=RANKING,20230311,이데일리
42,360,94749,0.8853959441184998,202206054480000362227,남양주 야산서 산불…3시간여만에 진화,https://n.news.naver.com/mnews/article/448/0000362227?rc=N&ntype=RANKING,20220605,TV조선
43,597,57134,0.8712592124938965,202302224170000897683,'최대실적' 갈아치운 삼성화재… 생명 넘어 '보험 1위' 넘본다,https://n.news.naver.com/mnews/article/417/0000897683?rc=N&ntype=RANKING,20230222,머니S
44,330,105376,0.856572687625885,202204110870000890699,[포토뉴스]강원우정청 산불이재민 물품 지원,https://news.naver.com/main/read.naver?mode=LPOD&mid=sec&oid=087&aid=0000890699,20220411,강원일보
45,488,158247,0.902268648147583,202105240560011049256,주택 화재…2천만 원 재산피해,https://news.naver.com/main/read.nhn?mode=LPOD&mid=sec&oid=056&aid=0011049256,20210524,KBS
46,176,130195,0.913841724395752,202202100010012972395,예산 양돈장서 화재…돼지 800마리 폐사,https://news.naver.com/main/read.naver?mode=LPOD&mid=sec&oid=001&aid=0012972395,20220210,연합뉴스
47,204,73415,0.8791561126708984,202211162150001066107,대구 LPG 충전소 폭발 추정 화재 발생…8명 부상,https://n.news.naver.com/mnews/article/215/0001066107?rc=N&ntype=RANKING,20221116,한국경제TV
48,477,52293,0.9070696830749512,202303094220000587748,"합천 산불 진화율 90% 넘어…""오전 중 주불 잡을 듯""",https://n.news.naver.com/mnews/article/422/0000587748?rc=N&ntype=RANKING,20230309,연합뉴스TV
49,456,127602,0.8232893943786621,202202230030011021251,부안 한 상가 건물서 불…1억5000여만원 피해,https://news.naver.com/main/read.naver?mode=LPOD&mid=sec&oid=003&aid=0011021251,20220223,뉴시스
50,116,723,0.9214608669281006,202312270560011630190,서울 도봉구 아파트 화재 “부주의 가능성”…담배·라이터 발견,https://n.news.naver.com/mnews/article/056/0011630190,20231227,KBS
51,1004,20609,0.9155535697937012,202308080010014118918,창원 제조공장서 불…3천만원 재산 피해,https://n.news.naver.com/mnews/article/001/0014118918,20230808,연합뉴스
52,512,54915,0.8831223249435425,202303030560011438660,[날씨] 화재 주의하세요!,https://n.news.naver.com/mnews/article/056/0011438660?rc=N&ntype=RANKING,20230303,KBS
53,769,59337,0.9101061820983887,202302070550001033734,합천 야산서 산불…인명피해 없어,https://n.news.naver.com/mnews/article/055/0001033734?rc=N&ntype=RANKING,20230207,SBS
54,606,3986,0.9016105532646179,202312050550001111790,"창원 상가 건물서 불, 2명 연기 흡입…지하층 발화 추정",https://n.news.naver.com/mnews/article/055/0001111790,20231205,SBS
55,446,2368,0.8630950450897217,202312196660000028907,인천 호텔 화재 후문 필로티 주차장 천장서 시작…‘전기적 요인’ 추정,https://n.news.naver.com/mnews/article/666/0000028907,20231219,경기일보
56,533,121519,0.8617854118347168,202203060090004930873,[알립니다] 산불 이재민에 따뜻한 마음 전하세요,https://news.naver.com/main/read.naver?mode=LPOD&mid=sec&oid=009&aid=0004930873,20220306,매일경제
57,370,41844,0.8853986859321594,202304046620000017478,전국 산불 진화 완료…산림 3091㏊ 불탔다,https://n.news.naver.com/mnews/article/662/0000017478?rc=N&ntype=RANKING,20230404,농민신문
58,312,96495,0.9148696064949036,202205296610000007603,컨테이너 창고 화재...20여분에 진화,https://n.news.naver.com/mnews/article/661/0000007603?rc=N&ntype=RANKING,20220529,JIBS
59,555,63858,0.9218024611473083,202301130560011410015,창원 아파트 화재…20여 명 대피,https://n.news.naver.com/mnews/article/056/0011410015?rc=N&ntype=RANKING,20230113,KBS
60,1204,145331,0.9160097241401672,202110050560011131388,"강원 시군, 가을철 산불 예방 대책 추진",https://news.naver.com/main/read.naver?mode=LPOD&mid=sec&oid=056&aid=0011131388,20211005,KBS
61,1028,40116,0.9307436347007751,202304110010013872085,강릉서 산불…피해 확산,https://n.news.naver.com/mnews/article/001/0013872085?rc=N&ntype=RANKING,20230411,연합뉴스
62,150,137076,0.9252214431762695,202112310790003591889,광양 한 주택에서 화재…90대 어르신 숨져,https://news.naver.com/main/read.naver?mode=LPOD&mid=sec&oid=079&aid=0003591889,20211231,노컷뉴스
63,109,137108,0.937360405921936,202112304220000521135,집 비운사이 인덕션 '꾹꾹'…고양이가 낸 화재 급증,https://news.naver.com/main/read.naver?mode=LPOD&mid=sec&oid=422&aid=0000521135,20211230,연합뉴스TV
64,100,44760,0.9382643699645996,202304020320003214689,[속보] 인왕산 산불···소방당국 ‘대응 2단계’ 진화 중,https://n.news.naver.com/mnews/article/032/0003214689?rc=N&ntype=RANKING,20230402,경향신문
65,236,27057,0.8703703284263611,202306120030011908661,`금융 전산센터 화재 예방위해` 금감원-소방청 업무협약,https://n.news.naver.com/mnews/article/003/0011908661,20230612,뉴시스
66,36,18994,0.8738607168197632,202308170570001762826,"""불길 피하려다가""...하와이 산불로 3대 일가족 4명 숨져",https://n.news.naver.com/mnews/article/057/0001762826,20230817,MBN
67,691,100876,0.8698121309280396,202204300560011258308,성주 목재 폐기물 공장 화재…9시간여 만에 진화,https://n.news.naver.com/mnews/article/056/0011258308?rc=N&ntype=RANKING,20220430,KBS
68,123,44912,0.9167189598083496,202304016600000031488,차량정비소 화재로 차량ㆍ시설 피해..1시간 만에 진화,https://n.news.naver.com/mnews/article/660/0000031488?rc=N&ntype=RANKING,20230401,kbc광주방송
69,1691,14902,0.9276983141899109,202309180030012095437,김포 건축자재 공장서 불…인명피해 없어,https://n.news.naver.com/mnews/article/003/0012095437,20230918,뉴시스
70,54,46679,0.9461333155632019,202303273100000105305,안산 다세대 주택 불…나이지리아 어린이 4남매 숨져,https://n.news.naver.com/mnews/article/310/0000105305?rc=N&ntype=RANKING,20230327,여성신문
71,41,15254,0.9413214921951294,202309140030012089463,"하노이 아파트서 화재, 최소 56명 사망",https://n.news.naver.com/mnews/article/003/0012089463,20230914,뉴시스
72,855,110429,0.8682749271392822,202203232140001185947,경기 남양주 물류창고서 불‥화재 진압 중,https://news.naver.com/main/read.naver?mode=LPOD&mid=sec&oid=214&aid=0001185947,20220323,MBC
73,631,118562,0.9233118295669556,202203080110004027162,"KT&G, 동해안 산불 피해 지역에 성금 5억 원 기부",https://news.naver.com/main/read.naver?mode=LPOD&mid=sec&oid=011&aid=0004027162,20220308,서울경제
74,155,11486,0.9319101572036743,202310184220000624520,`고성 산불 책임` 한전 직원들 대법서 무죄 확정,https://n.news.naver.com/mnews/article/422/0000624520,20231018,연합뉴스TV
75,547,7717,0.9343273639678955,202311140080004961464,"충전 중인 전기차서 화재…""배터리 발열 화재로 추정""",https://n.news.naver.com/mnews/article/008/0004961464,20231114,머니투데이
76,513,60527,0.9147655963897705,202302014210006607153,울주군 야산에서 불…1시간 만에 진화,https://n.news.naver.com/mnews/article/421/0006607153?rc=N&ntype=RANKING,20230201,뉴스1
77,931,100821,0.9218969345092773,202205010820001153482,촛불봉사단 동해안 산불 피해 지원 성금 전달,https://n.news.naver.com/mnews/article/082/0001153482?rc=N&ntype=RANKING,20220501,부산일보
78,221,141250,0.8377937078475952,202111180110003986604,"2m 앞 아기 두고···불 나자 홀로 대피한 엄마, 법원 판단은",https://news.naver.com/main/read.naver?mode=LPOD&mid=sec&oid=011&aid=0003986604,20211118,서울경제
79,116,46818,0.919024646282196,202303260180005449830,인천 강화도 마니산 산불 야간 진화 체제 돌입,https://n.news.naver.com/mnews/article/018/0005449830?rc=N&ntype=RANKING,20230326,이데일리
80,373,69466,0.7759877443313599,202212142770005191702,'순천 문화재 야행' 등 지역문화재 활용 명예의 전당,https://n.news.naver.com/mnews/article/277/0005191702?rc=N&ntype=RANKING,20221214,아시아경제
81,132,35034,0.93873131275177,202304210560011470092,울산 앞바다서 러시아 국적 어선 화재…4명 실종·21명 구조,https://n.news.naver.com/mnews/article/056/0011470092?rc=N&ntype=RANKING,20230421,KBS
82,473,86244,0.89371657371521,202208210520001779262,상가 건물 화재로 100여 명 대피...차량 화재 잇따라,https://n.news.naver.com/mnews/article/052/0001779262?rc=N&ntype=RANKING,20220821,YTN
83,672,23367,0.8862943649291992,202307134210006924607,"경기소방, 노후 아파트 등에 화재 신속대피 안내 물품 보급",https://n.news.naver.com/mnews/article/421/0006924607,20230713,뉴스1
84,940,171601,0.9075974225997925,202102160820001067860,고속도로 무척산터널서 화물차 화재...차량 통제,https://news.naver.com/main/read.nhn?mode=LPOD&mid=sec&oid=082&aid=0001067860,20210216,부산일보
85,438,43311,0.8988940715789795,202304036600000031577,도심 상가건물 방화 추정 화재..6명 연기 흡입 이송,https://n.news.naver.com/mnews/article/660/0000031577?rc=N&ntype=RANKING,20230403,kbc광주방송
86,658,44592,0.9146147966384888,202304022770005239726,"[속보]尹 ""전국 산불, 산림·소방청 중심 가용 총동원해 진화·예방"" 지시",https://n.news.naver.com/mnews/article/277/0005239726?rc=N&ntype=RANKING,20230402,아시아경제
87,742,88691,0.8965131044387817,202208020570001680971,부산 아파트서 불…주민 대피 소동,https://n.news.naver.com/mnews/article/057/0001680971?rc=N&ntype=RANKING,20220802,MBN
88,238,40930,0.9207097291946411,202304070220003800489,‘산불 나는데 골프·술자리’ 보도에 김진태 강원지사 “법적 조치”,https://n.news.naver.com/mnews/article/022/0003800489?rc=N&ntype=RANKING,20230407,세계일보
89,218,30995,0.8478821516036987,202305126290000216550,"메리츠화재, 1분기 순이익 4047억 원…전년比 24.5%↑",https://n.news.naver.com/mnews/article/629/0000216550,20230512,더팩트
90,83,21732,0.9529789090156555,202307280790003796408,서울 잠실 롯데백화점에서 화재…이용객 1천여 명 대피,https://n.news.naver.com/mnews/article/079/0003796408,20230728,노컷뉴스
91,78,5120,0.9656903147697449,202311300090005222897,"경찰, ‘자승스님 입적’ 칠장사 화재 현장 합동 감식",https://n.news.naver.com/mnews/article/009/0005222897,20231130,매일경제
92,230,37308,0.8811823129653931,202304140520001873204,충남 서천 양계장에 불...닭 6만 9천여 마리 폐사,https://n.news.naver.com/mnews/article/052/0001873204?rc=N&ntype=RANKING,20230414,YTN
93,201,31829,0.9165338277816772,202305086610000024743,양계장 화재...닭 1만여 마리  폐사,https://n.news.naver.com/mnews/article/661/0000024743,20230508,JIBS
94,284,19185,0.9132449626922607,202308160550001081877,[속보] 하와이 `산불 참사` 사망자 100명 넘어 ＜로이터＞,https://n.news.naver.com/mnews/article/055/0001081877,20230816,SBS
95,160,47280,0.869453489780426,202303230560011451262,광주 종합버스터미널 내 음식점 불…30여 명 대피,https://n.news.naver.com/mnews/article/056/0011451262?rc=N&ntype=RANKING,20230323,KBS
96,279,7819,0.8732091188430786,202311142140001311651,경남 폐기물업체 불 14시간 만에 완진‥곳곳 화재,https://n.news.naver.com/mnews/article/214/0001311651,20231114,MBC
97,139,21247,0.8461377620697021,202308030200003512918,"“산불 꺼준 한국 구호대, 감사합니다” 배웅하는 加 총리",https://n.news.naver.com/mnews/article/020/0003512918,20230803,동아일보
98,536,33365,0.9453614354133606,202304270870000967227,[포토뉴스]강원도행정동우회 강릉 산불 피해 성금 전달,https://n.news.naver.com/mnews/article/087/0000967227?rc=N&ntype=RANKING,20230427,강원일보
99,746,43140,0.8895554542541504,202304036290000209539,화재로 불에 타버린 건물 [포토],https://n.news.naver.com/mnews/article/629/0000209539?rc=N&ntype=RANKING,20230403,더팩트
100,170,62819,0.9582207202911377,202301201230002295593,서울 강남 구룡마을서 큰 불…주민 500여 명 긴급 대피,https://n.news.naver.com/mnews/article/123/0002295593?rc=N&ntype=RANKING,20230120,조세일보
101,394,40937,0.9326951503753662,202304074210006734407,"금융당국, 산불피해 가계·기업에 '긴급자금·대출연장' 지원",https://n.news.naver.com/mnews/article/421/0006734407?rc=N&ntype=RANKING,20230407,뉴스1
102,523,10188,0.8449718356132507,202310290010014295364,통영 홍도 인근 해상서 낚시어선 화재…승선원 자체 진화,https://n.news.naver.com/mnews/article/001/0014295364,20231029,연합뉴스
103,417,4197,0.9096704721450806,202312046590000016920,"""한밤중에 불길 치솟아"".. 아파트 화재로 50여 명 대피",https://n.news.naver.com/mnews/article/659/0000016920,20231204,전주MBC
104,693,52211,0.8963332176208496,202303090030011731922,"경북소방, 산불 예방 활동 집중…대응체계 구축",https://n.news.naver.com/mnews/article/003/0011731922?rc=N&ntype=RANKING,20230309,뉴시스
105,263,49032,0.9024531841278076,202303170180005444605,“층간소음 스트레스”…윗집 불 지르려 한 60대 체포,https://n.news.naver.com/mnews/article/018/0005444605?rc=N&ntype=RANKING,20230317,이데일리
106,310,26602,0.8211398124694824,202306151090004870445,"안효섭x이성경x유연석, 내부갈등 속 고군분투..산불 사고에 “살린다!” (‘김사부3’)",https://entertain.naver.com/now/read?oid=109&aid=0004870445,20230615,OSEN
107,194,40276,0.7681111097335815,202304110050001600235,초선 오영환 “소방관으로 돌아간다”… 민주당 불출마 이어지나,https://n.news.naver.com/mnews/article/005/0001600235?rc=N&ntype=RANKING,20230411,국민일보
108,569,73520,0.9231492280960083,202211160030011539889,"재난대응안전한국훈련, '화재 진압중'",https://n.news.naver.com/mnews/article/003/0011539889?rc=N&ntype=RANKING,20221116,뉴시스
109,575,118566,0.852576732635498,202203080020002233775,"경기소방, 건설현장·다중시설 등 맞춤형 화재예방대책 추진",https://news.naver.com/main/read.naver?mode=LPOD&mid=sec&oid=002&aid=0002233775,20220308,프레시안
110,489,78965,0.8947819471359253,202210160870000928807,"""카카오 먹통 사태 원인"" SK 판교데이터센터 화재…배터리 또는 랙 주변서 전기적 요인으로 화재 시작",https://n.news.naver.com/mnews/article/087/0000928807?rc=N&ntype=RANKING,20221016,강원일보
111,676,29019,0.8856186270713806,202305260030011881578,광주 야산서 불…진화 중,https://n.news.naver.com/mnews/article/003/0011881578,20230526,뉴시스
112,392,114244,0.906312108039856,202203130030011058929,"산불 꺼줄 단비, 전국 확대...일교차 주의",https://news.naver.com/main/read.naver?mode=LPOD&mid=sec&oid=003&aid=0011058929,20220313,뉴시스
113,258,20389,0.891067385673523,202308100550001080473,[D리포트] 하와이 휴양단지 덮친 산불…여행객 발 묶여,https://n.news.naver.com/mnews/article/055/0001080473,20230810,SBS
114,318,105989,0.8918684720993042,202204096610000005024,화재 사고 잇따라.. 60대 1명 화상 입어,https://news.naver.com/main/read.naver?mode=LPOD&mid=sec&oid=661&aid=0000005024,20220409,JIBS
115,1009,103325,0.9055155515670776,202204180920002254161,"삼성화재 ""다이렉트 '착' 운전자보험 보장 확대""",https://news.naver.com/main/read.naver?mode=LPOD&mid=sec&oid=092&aid=0002254161,20220418,ZDNetKorea
116,574,4955,0.904934287071228,202311300020002310091,경북에서 산불 잇따라,https://n.news.naver.com/mnews/article/002/0002310091,20231130,프레시안
117,649,59978,0.9299479722976685,202302030560011422300,밀양 단장면서 산불…50분 만에 큰불 진화,https://n.news.naver.com/mnews/article/056/0011422300?rc=N&ntype=RANKING,20230203,KBS
118,595,139839,0.8315585851669312,202112050030010871284,대구 깃발봉 공장 창고서 불…6000여만원 피해,https://news.naver.com/main/read.naver?mode=LPOD&mid=sec&oid=003&aid=0010871284,20211205,뉴시스
119,312,160563,0.8640910983085632,202104290140004629797,"문화재청, 지질유산 보존관리·연구역량 강화",https://news.naver.com/main/read.nhn?mode=LPOD&mid=sec&oid=014&aid=0004629797,20210429,파이낸셜뉴스
120,643,47987,0.9137347936630249,202303210560011449298,성주 폐기물 업체 화재…4시간 만에 불길 잡혀,https://n.news.naver.com/mnews/article/056/0011449298?rc=N&ntype=RANKING,20230321,KBS
121,227,77594,0.838300347328186,202210210080004808508,서울 송파구 아파트 승강기서 화재 발생…주민 25명 대피,https://n.news.naver.com/mnews/article/008/0004808508?rc=N&ntype=RANKING,20221021,머니투데이
122,483,68791,0.8854146003723145,202212190560011394795,공동주택·컨테이너 건물 화재 잇따라…5명 병원 이송,https://n.news.naver.com/mnews/article/056/0011394795?rc=N&ntype=RANKING,20221219,KBS
123,27,37655,0.8394412994384766,202304131440000880118,"익숙한 얼굴 많은 V리그 트라이아웃, 4년 만에 대면 개최···5월 이스탄불서",https://sports.news.naver.com/news?oid=144&aid=0000880118,20230413,스포츠경향
124,414,101935,0.8816758394241333,202204230560011253758,영동 야산서 산불…2천여 제곱미터 소실,https://n.news.naver.com/mnews/article/056/0011253758?rc=N&ntype=RANKING,20220423,KBS
125,487,137205,0.8968082070350647,202112302140001169297,경기 화성 필름코팅지 제조 공장서 불‥대응 1단계 진화중,https://news.naver.com/main/read.naver?mode=LPOD&mid=sec&oid=214&aid=0001169297,20211230,MBC
126,412,159918,0.8792186975479126,202105060050001436838,대구 한 병원서 방화 추정 불…환자 수십명 대피,https://news.naver.com/main/read.nhn?mode=LPOD&mid=sec&oid=005&aid=0001436838,20210506,국민일보
127,75,1302,0.9670335054397583,202312250110004278323,도봉구 아파트서 성탄절 새벽에 불…2명 사망·29명 중경상,https://n.news.naver.com/mnews/article/011/0004278323,20231225,서울경제
128,659,10258,0.9044405221939087,202310296290000246094,문경 단독주택서 불...1명 부상,https://n.news.naver.com/mnews/article/629/0000246094,20231029,더팩트
129,602,160260,0.9334092736244202,202105014480000326799,"집 안에 불 지른 40대 검거…""아내와 다툰 뒤 화나서""",https://news.naver.com/main/read.nhn?mode=LPOD&mid=sec&oid=448&aid=0000326799,20210501,TV조선
130,694,161488,0.9106966257095337,202104230110003901334,"산림청, ‘산불 단계별 동원령’··· 산불대응 강화",https://news.naver.com/main/read.nhn?mode=LPOD&mid=sec&oid=011&aid=0003901334,20210423,서울경제
131,518,142214,0.8666718006134033,202111090310000634342,"악사손보, 소방의 날 맞아 취약계층에 화재예방키트 기부",https://news.naver.com/main/read.naver?mode=LPOD&mid=sec&oid=031&aid=0000634342,20211109,아이뉴스24
132,54,76711,0.8893912434577942,202210260210002537816,상주 수도원서 방화 의심 불…신부 추정 독일인 사망,https://n.news.naver.com/mnews/article/021/0002537816?rc=N&ntype=RANKING,20221026,문화일보
133,31,17593,0.9511744379997253,202308254220000616062,`전기차 화재` 상반기 42건…지난해 발생 건수 육박,https://n.news.naver.com/mnews/article/422/0000616062,20230825,연합뉴스TV
134,241,16573,0.8900536298751831,202309010520001930497,목욕탕 화재 현장 폭발 사고...소방관 등 21명 부상,https://n.news.naver.com/mnews/article/052/0001930497,20230901,YTN
135,221,127643,0.8333522081375122,202202221170003578847,삼성화재도 코로나 '집단 감염'...'리그 단축-PS축소' 등 남자부 파행 불가피,https://sports.news.naver.com/news?oid=117&aid=0003578847,20220222,마이데일리
136,762,79258,0.8996149301528931,202210156580000022624,[종합]카카오 서비스 무더기 오류...데이터센터 화재로 멈춘 전국,https://n.news.naver.com/mnews/article/658/0000022624?rc=N&ntype=RANKING,20221015,국제신문
137,35,36431,0.9215862154960632,202304174210006751216,"원주시, 강릉산불 피해복구 성금 모금",https://n.news.naver.com/mnews/article/421/0006751216?rc=N&ntype=RANKING,20230417,뉴스1
138,568,75901,0.897214949131012,202210310560011366152,원룸촌 한복판 다세대주택 화재…4명 부상,https://n.news.naver.com/mnews/article/056/0011366152?rc=N&ntype=RANKING,20221031,KBS
139,642,104335,0.9002674221992493,202204120010013109222,"대한건설협회 등, 동해안 산불 피해복구 성금 기부",https://news.naver.com/main/read.naver?mode=LPOD&mid=sec&oid=001&aid=0013109222,20220412,연합뉴스
140,261,8892,0.8810264468193054,202311054720000028718,"`파죽의 5연승` 삼성화재, 한국전력 3:0 완파하며 선두로 올라서",https://sports.news.naver.com/news.nhn?oid=472&aid=0000028718,20231105,스포츠타임스
141,412,48646,0.9147078990936279,202303180210002562028,[속보]강풍에 번지는 평창 산불… 산림 당국 ‘산불 1단계’ 발령,https://n.news.naver.com/mnews/article/021/0002562028?rc=N&ntype=RANKING,20230318,문화일보
142,228,113294,0.8752117156982422,202203150050001512014,제주 양돈장서 불…돈사 6동 전소 돼지 2800마리 폐사,https://news.naver.com/main/read.naver?mode=LPOD&mid=sec&oid=005&aid=0001512014,20220315,국민일보
143,674,6801,0.8008340001106262,202311204480000436857,"트레일러 전복 사고, 연료탱크에 화재…전봇대 받아 정전 사고도",https://n.news.naver.com/mnews/article/448/0000436857,20231120,TV조선
144,732,89035,0.8892689943313599,202207290520001770240,인천 자동차 부품공장에서 불...소방 진화 중,https://n.news.naver.com/mnews/article/052/0001770240?rc=N&ntype=RANKING,20220729,YTN
145,478,86203,0.9191229939460754,202208216560000023212,추석 연휴 대비 화재예방대책 추진,https://n.news.naver.com/mnews/article/656/0000023212?rc=N&ntype=RANKING,20220821,대전일보
146,335,113927,0.8601807951927185,202203130570001648671,"불은 껐지만, 마음은 타들어가…집 잃은 이재민 '막막'",https://news.naver.com/main/read.naver?mode=LPOD&mid=sec&oid=057&aid=0001648671,20220313,MBN
147,636,109281,0.9183147549629211,202203284210005994660,곡성 한 주택서 불…70대 남성 숨져,https://news.naver.com/main/read.naver?mode=LPOD&mid=sec&oid=421&aid=0005994660,20220328,뉴스1
148,534,2914,0.9179767370223999,202312154210007236971,울산 화학제품 제조 업체서 불…1명 화상,https://n.news.naver.com/mnews/article/421/0007236971,20231215,뉴스1
149,441,91439,0.8957792520523071,202207074210006203326,한림항 어선 화재 진압하는 해경-소방,https://n.news.naver.com/mnews/article/421/0006203326?rc=N&ntype=RANKING,20220707,뉴스1
150,616,59155,0.8778977990150452,202302070030011680469,창원터널 앞 트럭 적재함에서 '화재' 발생,https://n.news.naver.com/mnews/article/003/0011680469?rc=N&ntype=RANKING,20230207,뉴시스
151,605,123267,0.8531733155250549,202203054690000661853,강원 성산면 산불 17시간 만에 진화,https://news.naver.com/main/read.naver?mode=LPOD&mid=sec&oid=469&aid=0000661853,20220305,한국일보
152,617,57211,0.931861400604248,202302214210006643423,강원 고성 야산 화재…40여분만에 진화,https://n.news.naver.com/mnews/article/421/0006643423?rc=N&ntype=RANKING,20230221,뉴스1
153,59,35259,0.9397525787353516,202304200870000965565,"[속보]법원 ""한전, 고성산불 이재민에 감정평가액 60%, 87억 배상""",https://n.news.naver.com/mnews/article/087/0000965565?rc=N&ntype=RANKING,20230420,강원일보
154,677,45587,0.9060332775115967,202303300320003214210,"강원 화천 산불 확산···산림당국 산불 2단계 발령, 헬기 17대 투입 진화 중",https://n.news.naver.com/mnews/article/032/0003214210?rc=N&ntype=RANKING,20230330,경향신문
155,286,91441,0.9440793395042419,202207070880000765598,[속보] 제주 한림항 정박 어선 3척 화재…3명 중상·2명 실종,https://n.news.naver.com/mnews/article/088/0000765598?rc=N&ntype=RANKING,20220707,매일신문
156,180,20126,0.8976921439170837,202308110320003242166,[여적]하와이 산불,https://n.news.naver.com/mnews/article/032/0003242166,20230811,경향신문
157,599,115799,0.923456072807312,202203100080004718418,"hy, 산불 피해 지역 긴급 구호품 지원",https://news.naver.com/main/read.naver?mode=LPOD&mid=sec&oid=008&aid=0004718418,20220310,머니투데이
158,174,38360,0.921643853187561,202304120010013876370,남해군 야산서 화재…45분 만에 진화,https://n.news.naver.com/mnews/article/001/0013876370?rc=N&ntype=RANKING,20230412,연합뉴스
159,108,27691,0.8999814987182617,202306080520001894513,"[뉴스라이브] 남한 면적 40% 집어삼킨 캐나다 산불...""기후변화 영향""",https://n.news.naver.com/mnews/article/052/0001894513,20230608,YTN
160,360,69346,0.8801310062408447,202212144220000574616,서울 중구 남대문시장 인근서 불…진화작업 중,https://n.news.naver.com/mnews/article/422/0000574616?rc=N&ntype=RANKING,20221214,연합뉴스TV
161,82,5542,0.9176448583602905,202311280570001783541,"""고등학교 급식실서 화재""…조리원 등 3명 연기 마셔 병원 이송",https://n.news.naver.com/mnews/article/057/0001783541,20231128,MBN
162,85,112458,0.9078348875045776,202203160180005168159,"농협, 강원·경북 산불 피해 농업인에 100억 규모 지원 나서",https://news.naver.com/main/read.naver?mode=LPOD&mid=sec&oid=018&aid=0005168159,20220316,이데일리
163,295,107075,0.9401933550834656,202204060550000964865,"[날씨] 대기 건조, 화재 유의…미세먼지 '나쁨'",https://news.naver.com/main/read.naver?mode=LPOD&mid=sec&oid=055&aid=0000964865,20220406,SBS
164,44,5038,0.8815832138061523,202311302140001315460,"경찰 ""화재 당시, 칠장사 요사채에 자승 스님 외 출입자 없어""",https://n.news.naver.com/mnews/article/214/0001315460,20231130,MBC
165,333,91920,0.8647561073303223,202207042770005112280,경기 물류창고·공사장 '소방화재 불감증' 여전…4곳 중 1곳 시설 불량,https://n.news.naver.com/mnews/article/277/0005112280?rc=N&ntype=RANKING,20220704,아시아경제
166,457,135657,0.9531161785125732,202201070200003404267,평택 냉동창고 공사장서 화재… 소방관 3명 순직,https://news.naver.com/main/read.naver?mode=LPOD&mid=sec&oid=020&aid=0003404267,20220107,동아일보
167,304,42916,0.9222207069396973,202304036560000046751,'홍성 산불' 진화 그 속에서,https://n.news.naver.com/mnews/article/656/0000046751?rc=N&ntype=RANKING,20230403,대전일보
168,247,44767,0.9560446739196777,202304020030011778692,[속보]서울 인왕산 산불 발생…소방당국 진화 중,https://n.news.naver.com/mnews/article/003/0011778692?rc=N&ntype=RANKING,20230402,뉴시스
169,183,47292,0.8523998856544495,202303232140001261551,아파트 주차장 화재‥정전 잇따라,https://n.news.naver.com/mnews/article/214/0001261551?rc=N&ntype=RANKING,20230323,MBC
170,311,48561,0.8569440841674805,202303190030011749982,평창 산불 진화 완료…산불로 15ha 피해,https://n.news.naver.com/mnews/article/003/0011749982?rc=N&ntype=RANKING,20230319,뉴시스
171,215,11905,0.8807881474494934,202310150090005199534,"“14억 재산 손실”…42층 中 빌딩 집어삼킨 대형 화재, 원인 알고보니",https://n.news.naver.com/mnews/article/009/0005199534,20231015,매일경제
172,106,34448,0.8639117479324341,202304230250003274986,‘불타는 피자’서 옮겨붙어 큰 불…스페인 식당 화재로 14명 사상,https://n.news.naver.com/mnews/article/025/0003274986?rc=N&ntype=RANKING,20230423,중앙일보
173,245,58018,0.8864516019821167,202302166290000201233,'차량 677대 피해' 천안 아파트 주차장 화재 세차업체 직원 등 금고형,https://n.news.naver.com/mnews/article/629/0000201233?rc=N&ntype=RANKING,20230216,더팩트
174,400,41318,0.9204498529434204,202304060220003799919,"尹, 산불 피해 10곳 특별재난지역 선포",https://n.news.naver.com/mnews/article/022/0003799919?rc=N&ntype=RANKING,20230406,세계일보
175,531,88324,0.8892620801925659,202208050790003672058,[속보]이천 병원서 화재…인명구조 작업 중,https://n.news.naver.com/mnews/article/079/0003672058?rc=N&ntype=RANKING,20220805,노컷뉴스
176,35,12690,0.8869858980178833,202310080520001944527,국내 전기차 4만 5천 대 `배터리 진단 불가`...10대 중 8대가 수입차,https://n.news.naver.com/mnews/article/052/0001944527,20231008,YTN
177,370,38324,0.8879517316818237,202304120010013876345,산불상황실 찾은 이재명 대표,https://n.news.naver.com/mnews/article/001/0013876345?rc=N&ntype=RANKING,20230412,연합뉴스
178,332,134984,0.9120453596115112,202201100290002715121,"뉴욕 19층 아파트서 큰불 19명 사망…""최악 화재 중 하나""",https://news.naver.com/main/read.naver?mode=LPOD&mid=sec&oid=029&aid=0002715121,20220110,디지털타임스
179,328,173141,0.8635980486869812,202102024720000021925,'연패를 끊어내는 방법' 삼성화재 vs OK금융그룹,https://sports.news.naver.com/news.nhn?oid=472&aid=0000021925,20210202,스포츠타임스
180,64,20179,0.9393682479858398,202308114210006985723,"외교부, 하와이 산불에 ""우리 국민 인명피해 없어""(종합)",https://n.news.naver.com/mnews/article/421/0006985723,20230811,뉴스1
181,265,116538,0.8912162780761719,202203090050001510770,울진·삼척 산불 진화율 80%선…이번 산불 역대 최대피해 육박,https://news.naver.com/main/read.naver?mode=LPOD&mid=sec&oid=005&aid=0001510770,20220309,국민일보
182,222,108708,0.9274500012397766,202203300760003847030,[부고] 전혁 현대해상화재보험 상무 부친상,https://news.naver.com/main/read.naver?mode=LPOD&mid=sec&oid=076&aid=0003847030,20220330,스포츠조선
183,289,159337,0.8669396638870239,202105114480000327725,화재현장 출동 중 교통사고…순직 소방관 영결식,https://news.naver.com/main/read.nhn?mode=LPOD&mid=sec&oid=448&aid=0000327725,20210511,TV조선
184,179,28109,0.8636740446090698,202306040030011895574,제주 시내 다가구주택서 불…1명 연기흡입 이송,https://n.news.naver.com/mnews/article/003/0011895574,20230604,뉴시스
185,292,18513,0.9024868607521057,202308200520001924984,"음식점 화재로 건물 불타...""에어컨에서 연기""",https://n.news.naver.com/mnews/article/052/0001924984,20230820,YTN
186,370,31187,0.9250074625015259,202305120820001211961,부산 단독주택서 불…60대 남성 숨져,https://n.news.naver.com/mnews/article/082/0001211961,20230512,부산일보
187,463,41874,0.8966861367225647,202304040520001869252,"""불씨가 날아다녀""...동시다발 '산불 3단계'에 곳곳 불타",https://n.news.naver.com/mnews/article/052/0001869252?rc=N&ntype=RANKING,20230404,YTN
188,511,153111,0.91432785987854,202107120790003526784,광주 도심 물류창고서 화재… 소방 진화 중,https://news.naver.com/main/read.naver?mode=LPOD&mid=sec&oid=079&aid=0003526784,20210712,노컷뉴스
189,505,13629,0.930919349193573,202309300010014230084,대천항 조선소 정박 어선 화재…인명피해는 없어,https://n.news.naver.com/mnews/article/001/0014230084,20230930,연합뉴스
190,111,7586,0.8278011083602905,202311150880000846009,영천 폐전선 야적장 화재…밤샘 진압에도 15시간 넘게 꺼지지 않아,https://n.news.naver.com/mnews/article/088/0000846009,20231115,매일신문
191,295,72053,0.8717755079269409,202211270280002616638,강원 양양서 산불 감시하던 헬기 추락…조종사 등 2명 탑승,https://n.news.naver.com/mnews/article/028/0002616638?rc=N&ntype=RANKING,20221127,한겨레
192,267,26035,0.8575299978256226,202306181190002722432,"경기도북부소방재난본부, 전국소방기술경연대회 화재조사 1위 달성",https://n.news.naver.com/mnews/article/119/0002722432,20230618,데일리안
193,621,58232,0.9308087229728699,202302150010013756992,창원 의창구 야산서 산불…30분 만에 주불 진화,https://n.news.naver.com/mnews/article/001/0013756992?rc=N&ntype=RANKING,20230215,연합뉴스
194,239,64362,0.9106501936912537,202301100790003725728,"경주 내남면 주택서 화재…3명 화상, 주택·창고 전소",https://n.news.naver.com/mnews/article/079/0003725728?rc=N&ntype=RANKING,20230110,노컷뉴스
195,125,12943,0.8711617588996887,202310060920002307075,불길 속 노부부 구한 강충석·김진홍씨 등 9명 ‘LG 의인상’,https://n.news.naver.com/mnews/article/092/0002307075,20231006,지디넷코리아
196,270,29299,0.8887375593185425,202305240880000815934,지하주차장 전기차 화재 현실로···차량 3대 불에타(2보),https://n.news.naver.com/mnews/article/088/0000815934,20230524,매일신문
197,230,153523,0.883207380771637,202107060210002477316,삼성화재와 업무협약 체결,https://news.naver.com/main/read.nhn?mode=LPOD&mid=sec&oid=021&aid=0002477316,20210706,문화일보
198,134,57496,0.8407131433486938,202302200560011431473,평창 모 리조트 건물 외벽 불…170여 명 대피,https://n.news.naver.com/mnews/article/056/0011431473?rc=N&ntype=RANKING,20230220,KBS
199,428,17478,0.9317139387130737,202308250110004230377,화성 폐기물 처리 업체서 화재…직원 1명 사망 확인,https://n.news.naver.com/mnews/article/011/0004230377,20230825,서울경제
200,1186,102666,0.94700026512146,202204210550000968174,[날씨] 곳곳 건조 · 강풍 예비특보…산불 등 화재 주의,https://news.naver.com/main/read.naver?mode=LPOD&mid=sec&oid=055&aid=0000968174,20220421,SBS
201,225,74499,0.8781227469444275,202211103740000310013,삼성화재 3분기 순이익 2827억원…전년比 1.6%↑,https://n.news.naver.com/mnews/article/374/0000310013?rc=N&ntype=RANKING,20221110,SBSBiz
202,73,38593,0.9344223141670227,202304120010013875308,산불 특별재난지역 지적측량수수료 2년간 감면한다,https://n.news.naver.com/mnews/article/001/0013875308?rc=N&ntype=RANKING,20230412,연합뉴스
203,193,27761,0.9388837218284607,202306080560011500396,캐나다 산불 확산에 ‘초비상’…연기가 뉴욕 하늘까지,https://n.news.naver.com/mnews/article/056/0011500396,20230608,KBS
204,657,92852,0.8881868720054626,202206220140004855719,부산 선박서 화재.. 작업 중 불티 원인,https://n.news.naver.com/mnews/article/014/0004855719?rc=N&ntype=RANKING,20220622,파이낸셜뉴스
205,301,62615,0.7654625773429871,202301200090005077666,어닝쇼크 불안감 커지니…보험 통신주 쑥,https://n.news.naver.com/mnews/article/009/0005077666?rc=N&ntype=RANKING,20230120,매일경제
206,507,99582,0.9080362319946289,202205100520001736996,경기 부천 주상복합건물에서 불...주민 3명 부상,https://n.news.naver.com/mnews/article/052/0001736996?rc=N&ntype=RANKING,20220510,YTN
207,149,24206,0.9638710021972656,202307030030011950033,"캐나다 산불 진화 해외긴급구호대, 캐나다 도착",https://n.news.naver.com/mnews/article/003/0011950033,20230703,뉴시스
208,338,140501,0.8111900091171265,202111260030010855891,전북 겨울철 화재 5년간 2695건…난방기구 사용 '주의보',https://news.naver.com/main/read.naver?mode=LPOD&mid=sec&oid=003&aid=0010855891,20211126,뉴시스
209,65,5973,0.9443953037261963,202311254480000437654,충남 공주 단독주택서 화재…2명 숨진 채 발견,https://n.news.naver.com/mnews/article/448/0000437654,20231125,TV조선
210,115,26595,0.9185892939567566,202306150140005027560,"속초시, 청년몰 건물 화재에 수습대책본부 구성...건물 전소",https://n.news.naver.com/mnews/article/014/0005027560,20230615,파이낸셜뉴스
211,656,152548,0.9134266376495361,202107162140001136280,서울 다세대 주택 화재…1명 사망·1명 중태,https://news.naver.com/main/read.naver?mode=LPOD&mid=sec&oid=214&aid=0001136280,20210716,MBC
212,420,80754,0.9266220927238464,202210020560011349103,단독주택 화재 60대 남성 숨져,https://n.news.naver.com/mnews/article/056/0011349103?rc=N&ntype=RANKING,20221002,KBS
213,353,116752,0.8341108560562134,202203090010013040166,"[동해안 산불] 진화율 70%…""금강송 군락지 밤에 다시 불길 진입, 진화""",https://news.naver.com/main/read.naver?mode=LPOD&mid=sec&oid=001&aid=0013040166,20220309,연합뉴스
214,82,149782,0.8077507615089417,202108130110003949542,불타고 훼손...상반기 폐기 화폐 1조원 넘어,https://news.naver.com/main/read.naver?mode=LPOD&mid=sec&oid=011&aid=0003949542,20210813,서울경제
215,140,16649,0.9407490491867065,202309012770005308299,[속보]부산 폐목욕탕서 화재·폭발…소방관 등 10여명 부상,https://n.news.naver.com/mnews/article/277/0005308299,20230901,아시아경제
216,181,105805,0.8241833448410034,202204090560011245267,"경남 1분기 화재, 지난해보다 28% 늘어",https://news.naver.com/main/read.naver?mode=LPOD&mid=sec&oid=056&aid=0011245267,20220409,KBS
217,325,24047,0.8816970586776733,202307040020002291822,복합쇼핑몰 식당서 화재 발생...상가 이용객 20여명 대피소동,https://n.news.naver.com/mnews/article/002/0002291822,20230704,프레시안
218,124,1679,0.8783864974975586,202312230790003846340,포항제철소 화재 2시간 20분만에 진화완료…복전 작업중,https://n.news.naver.com/mnews/article/079/0003846340,20231223,노컷뉴스
219,409,135227,0.8532242774963379,202201084210005832552,평택 화재 순직 소방공무원 영결식 참석한 문재인 대통령,https://news.naver.com/main/read.naver?mode=LPOD&mid=sec&oid=421&aid=0005832552,20220108,뉴스1
220,158,6433,0.8210948705673218,202311220810003410738,"김형재 서울시의원, 공동주택 화재 증가 대비 안전 대책 강화 촉구",https://n.news.naver.com/mnews/article/081/0003410738,20231122,서울신문
221,140,142659,0.9091386795043945,202111040010012770229,"쿠팡, 덕평물류센터 화재 피해 지역주민과 복구·지원 협약 체결",https://news.naver.com/main/read.naver?mode=LPOD&mid=sec&oid=001&aid=0012770229,20211104,연합뉴스
222,402,106738,0.8821161985397339,202204065860000037116,"美, LG엔솔 전기차 배터리 '화재 위험'조사 착수",https://news.naver.com/main/read.naver?mode=LPOD&mid=sec&oid=586&aid=0000037116,20220406,시사저널
223,290,14470,0.9174176454544067,202309210140005076578,전 남편 집에 불 지른 50대…구속기소,https://n.news.naver.com/mnews/article/014/0005076578,20230921,파이낸셜뉴스
224,269,154970,0.8549034595489502,202106230160001852104,화재 이어 갑질 논란...“#쿠팡탈퇴” 러시,https://news.naver.com/main/read.nhn?mode=LPOD&mid=sec&oid=016&aid=0001852104,20210623,헤럴드경제
225,285,22412,0.865696132183075,202307240010014086301,부산역 기계실서 화재…연기로 열차 대기 승객 대피,https://n.news.naver.com/mnews/article/001/0014086301,20230724,연합뉴스
226,563,129026,0.8137208819389343,202202164690000658624,"삼성화재, 차 보험료 1.2% 깎는다…'남는 장사'한 손보사 줄줄이 내릴 듯",https://news.naver.com/main/read.naver?mode=LPOD&mid=sec&oid=469&aid=0000658624,20220216,한국일보
227,305,17076,0.8796131610870361,202308294480000425185,"""일용직 일 안 줘서""…한밤중 인력대기소에 불 지른 60대",https://n.news.naver.com/mnews/article/448/0000425185,20230829,TV조선
228,591,71735,0.8977430462837219,202211280010013607649,"순찰 중 화재 발견한 의용소방대, 큰 피해 막아",https://n.news.naver.com/mnews/article/001/0013607649?rc=N&ntype=RANKING,20221128,연합뉴스
229,214,108997,0.9136446714401245,202203290220003680777,청주 산부인과에서 화재… “산모·신생아 등 긴급 대피”,https://news.naver.com/main/read.naver?mode=LPOD&mid=sec&oid=022&aid=0003680777,20220329,세계일보
230,262,159438,0.9339197278022766,202105103660000714590,충전 중 ‘펑’…전동킥보드 화재 주의보,https://news.naver.com/main/read.nhn?mode=LPOD&mid=sec&oid=366&aid=0000714590,20210510,조선비즈
231,108,50788,0.8941706418991089,202303132770005229637,대전 한국타이어 화재 진화 중…경부고속도로·KTX 운행 정상화,https://n.news.naver.com/mnews/article/277/0005229637?rc=N&ntype=RANKING,20230313,아시아경제
232,48,25185,0.8743356466293335,202306234210006883870,"""산불 연기, 태아 건강에 악영향"" 국내 첫 확인…성장·발달 지연",https://n.news.naver.com/mnews/article/421/0006883870,20230623,뉴스1
233,478,104315,0.9062214493751526,202204120870000890928,홍천 서면서 산불 발생,https://news.naver.com/main/read.naver?mode=LPOD&mid=sec&oid=087&aid=0000890928,20220412,강원일보
234,92,46834,0.9140944480895996,202303262140001262067,인천 강화도 마니산서 산불‥소방 대응 2단계,https://n.news.naver.com/mnews/article/214/0001262067?rc=N&ntype=RANKING,20230326,MBC
235,237,165414,0.8477411270141602,202103244210005241815,부산 당감동 주택 화재...150여명 대피,https://news.naver.com/main/read.nhn?mode=LPOD&mid=sec&oid=421&aid=0005241815,20210324,뉴스1
236,540,4534,0.929686963558197,202312026540000059268,"홍천 남면에 산불 발생, 1시간 만에 진화",https://n.news.naver.com/mnews/article/654/0000059268,20231202,강원도민일보
237,463,25110,0.8606838583946228,202306240010014023098,"""주민 구한 의용대원·화재 진압한 중학생""…용감한 시민들",https://n.news.naver.com/mnews/article/001/0014023098,20230624,연합뉴스
238,135,37329,0.9475565552711487,202304140030011802975,"포스코그룹, 강릉 산불 피해 복구 성금 20억원 기탁",https://n.news.naver.com/mnews/article/003/0011802975?rc=N&ntype=RANKING,20230414,뉴시스
239,114,76361,0.8836450576782227,202210270560011364017,전남 담양 식품창고서 불…소방당국 진화 중,https://n.news.naver.com/mnews/article/056/0011364017?rc=N&ntype=RANKING,20221027,KBS
240,546,32217,0.9511846303939819,202305040180005479124,강원도 야산 `산불` 2시간여만에 진화,https://n.news.naver.com/mnews/article/018/0005479124?rc=N&ntype=RANKING,20230504,이데일리
241,450,12573,0.9167720079421997,202310100250003313140,남친과 다투고 홧김에…자기 집에 불 지른 20대 여성 체포,https://n.news.naver.com/mnews/article/025/0003313140,20231010,중앙일보
242,163,83142,0.8790161609649658,202209210010013451486,"삼성화재, 반려견을 위한 펫 보험 '위풍댕댕' 출시",https://n.news.naver.com/mnews/article/001/0013451486?rc=N&ntype=RANKING,20220921,연합뉴스
243,158,158654,0.9455856084823608,202105180880000703424,"낡은 김치냉장고 화재 '경보'…""위니아딤채 리콜 받아야""",https://news.naver.com/main/read.nhn?mode=LPOD&mid=sec&oid=088&aid=0000703424,20210518,매일신문
244,129,165577,0.8923746347427368,202103230180004881994,"이용녀 ""유기견 보호소 화재로 전소… 견사서 생활""",https://entertain.naver.com/now/read?oid=018&aid=0004881994,20210323,이데일리
245,151,60746,0.8989372849464417,202302012770005211935,"韓총리, 대구 공장 화재에 “모든 장비·인력 동원해 진압해야”",https://n.news.naver.com/mnews/article/277/0005211935?rc=N&ntype=RANKING,20230201,아시아경제
246,232,73596,0.8938313126564026,202211160080004818471,"""안에 사람 있다""…불타는 차량에 뛰어들어 운전자 구한 시민들",https://n.news.naver.com/mnews/article/008/0004818471?rc=N&ntype=RANKING,20221116,머니투데이
247,225,12325,0.7626211643218994,202310120140005084617,`전통시장 화재 피해 이어지는데..` 화재공제 가입율 저조,https://n.news.naver.com/mnews/article/014/0005084617,20231012,파이낸셜뉴스
248,291,11622,0.8993470668792725,202310170820001237119,"""전기차 배터리 화재 손쉽게 예방""…`불연성 반고체 전해질` 개발",https://n.news.naver.com/mnews/article/082/0001237119,20231017,부산일보
249,142,134907,0.9120879769325256,202201100150004650871,"'메리츠화재' 52주 신고가 경신, 단기·중기 이평선 정배열로 상승세",https://news.naver.com/main/read.naver?mode=LPOD&mid=sec&oid=015&aid=0004650871,20220110,한국경제
250,715,130855,0.8684179782867432,202202060030010983246,'불나면 대형참사'…전기저장시설 화재안전 강화,https://news.naver.com/main/read.naver?mode=LPOD&mid=sec&oid=003&aid=0010983246,20220206,뉴시스
251,334,66380,0.8927400708198547,202212304210006549475,분주한 방음터널 화재 합동감식,https://n.news.naver.com/mnews/article/421/0006549475?rc=N&ntype=RANKING,20221230,뉴스1
252,257,114443,0.8926645517349243,202203124370000292251,울진·삼척 산불 9일째…오늘 주불 진화 총력,https://news.naver.com/main/read.naver?mode=LPOD&mid=sec&oid=437&aid=0000292251,20220312,JTBC
253,771,66366,0.8913728594779968,202212304210006549531,방음터널 화재 사고 부상자 4명 늘어…연기흡입 등 경상,https://n.news.naver.com/mnews/article/421/0006549531?rc=N&ntype=RANKING,20221230,뉴스1
254,66,5472,0.8398239016532898,202311281440000928385,"딩하오, 셰얼하오에 짜릿한 반집승···생애 첫 삼성화재배 우승",https://sports.news.naver.com/news.nhn?oid=144&aid=0000928385,20231128,스포츠경향
255,370,124760,0.9290801286697388,202203044210005948550,"구룡마을 화재 발생, 소방 총력 대응",https://news.naver.com/main/read.naver?mode=LPOD&mid=sec&oid=421&aid=0005948550,20220304,뉴스1
256,203,50981,0.8793556094169617,202303120320003210360,‘불’ 빠진 제주들불축제…존폐 논란 휩싸여,https://n.news.naver.com/mnews/article/032/0003210360?rc=N&ntype=RANKING,20230312,경향신문
257,29,16447,0.7999464273452759,202309024210007024817,남아공 요하네스버그 고층 건물 화재 사망자 76명으로 증가,https://n.news.naver.com/mnews/article/421/0007024817,20230902,뉴스1
258,422,93238,0.8259695172309875,202206170320003153869,"물류창고 화재, 해법 찾는다…민관 합동 ‘재난원인조사단’ 구성",https://n.news.naver.com/mnews/article/032/0003153869?rc=N&ntype=RANKING,20220617,경향신문
259,203,16746,0.8322879076004028,202309012410003298049,"[IS 스타] 또 불펜 방화....안우진, 김광현 상대 판정승+2년 연속 10승 모두 무산",https://sports.news.naver.com/news.nhn?oid=241&aid=0003298049,20230901,일간스포츠
260,515,33496,0.8942843675613403,202304270560011473881,충남에 ‘산불 피해 복구’ 성금 기탁 잇따라,https://n.news.naver.com/mnews/article/056/0011473881?rc=N&ntype=RANKING,20230427,KBS
261,125,176463,0.8202243447303772,202101060310000577646,[지금은 기후위기] ‘비극의 아름다운 지구’…기후위기로 폭풍 앞의 등불,https://news.naver.com/main/read.nhn?mode=LPOD&mid=sec&oid=031&aid=0000577646,20210106,아이뉴스24
262,376,27483,0.9420561194419861,202306090030011904155,부산 강서구 공장서 불…인명피해 없어,https://n.news.naver.com/mnews/article/003/0011904155,20230609,뉴시스
263,113,27340,0.9172983169555664,202306104480000413027,"캐나다 산불, 서부에도 확산…일부 지역 주민 대피",https://n.news.naver.com/mnews/article/448/0000413027,20230610,TV조선
264,354,175113,0.8711291551589966,202101170030010297735,경기도 지난해 화재·출동건수 감소…거리두기 여파,https://news.naver.com/main/read.nhn?mode=LPOD&mid=sec&oid=003&aid=0010297735,20210117,뉴시스
265,178,16600,0.9288656711578369,202309010020002298985,부산 한 목욕탕서 화재 진압 중 폭발 사고 발생...소방관·경찰 등 부상,https://n.news.naver.com/mnews/article/002/0002298985,20230901,프레시안
266,19,10816,0.9240903258323669,202310244210007128934,화재 현장서 이웃 생명 구한 시민 5명 `GS칼텍스 참사람상`,https://n.news.naver.com/mnews/article/421/0007128934,20231024,뉴스1
267,417,158392,0.9048330783843994,202105210810003188060,창원 아파트 불… 40대 남성 숨진채 발견,https://news.naver.com/main/read.nhn?mode=LPOD&mid=sec&oid=081&aid=0003188060,20210521,서울신문
268,123,149105,0.7979146242141724,202108180810003209961,화재 경보 6차례 묵살…쿠팡 물류 시설관리업체 4명 검찰 송치…,https://news.naver.com/main/read.naver?mode=LPOD&mid=sec&oid=081&aid=0003209961,20210818,서울신문
269,346,100350,0.9515446424484253,202205046600000007665,부산 아파트서 불..일가족 3명 중상,https://n.news.naver.com/mnews/article/660/0000007665?rc=N&ntype=RANKING,20220504,kbc광주방송
270,494,43725,0.9131880402565002,202304030010013854993,김제 한 창고에서 불…4천만원 재산 피해,https://n.news.naver.com/mnews/article/001/0013854993?rc=N&ntype=RANKING,20230403,연합뉴스
271,98,139399,0.8398998379707336,202112110550000939022,"""일부러 맛없는 닭 주나""…치킨집 불 지른 20대 징역형",https://news.naver.com/main/read.naver?mode=LPOD&mid=sec&oid=055&aid=0000939022,20211211,SBS
272,455,155810,0.8513414263725281,202106190110003925547,"문재인 대통령, 쿠팡화재 소방관 희생에 ""마음 아프다···유가족 깊이 위로""",https://news.naver.com/main/read.nhn?mode=LPOD&mid=sec&oid=011&aid=0003925547,20210619,서울경제
273,29,75708,0.9060376882553101,202211026560000031913,수능 시험장 긴급 화재안전점검,https://n.news.naver.com/mnews/article/656/0000031913?rc=N&ntype=RANKING,20221102,대전일보
274,50,67177,0.927769660949707,202212290250003249803,"캄보디아 카지노 호텔 화재…""최소 10명 사망·30명 부상""",https://n.news.naver.com/mnews/article/025/0003249803?rc=N&ntype=RANKING,20221229,중앙일보
275,680,140161,0.9185373783111572,202111300030010863195,광주 도심 상가서 불…인명피해 없어,https://news.naver.com/main/read.naver?mode=LPOD&mid=sec&oid=003&aid=0010863195,20211130,뉴시스
276,219,44241,0.9053829908370972,202304020550001047347,"서울 인왕산 산불, 약 5시간 만에 주불 진화",https://n.news.naver.com/mnews/article/055/0001047347?rc=N&ntype=RANKING,20230402,SBS
277,530,119379,0.8839999437332153,202203074210005954655,‘동해안 산불’ 짙은 연기·기상악화 등에 주불진화 난항,https://news.naver.com/main/read.naver?mode=LPOD&mid=sec&oid=421&aid=0005954655,20220307,뉴스1
278,133,77480,0.8355076313018799,202210220030011490607,"최태원 SK회장, 국감 불출석 사유서 제출…과방위, 수용 여부 논의",https://n.news.naver.com/mnews/article/003/0011490607?rc=N&ntype=RANKING,20221022,뉴시스
279,175,176199,0.8702403903007507,202101084210005095578,인천 변전소 화재...계양·부평 수천가구 암흑상태,https://news.naver.com/main/read.nhn?mode=LPOD&mid=sec&oid=421&aid=0005095578,20210108,뉴스1
280,152,34995,0.9502620697021484,202304210520001875932,경남 밀양 한국카본 2공장 큰불...소방 대응 2단계 발령,https://n.news.naver.com/mnews/article/052/0001875932?rc=N&ntype=RANKING,20230421,YTN
281,238,40995,0.9161124229431152,202304070180005458636,"KB국민카드, 산불 피해 고객 특별금융지원 실시",https://n.news.naver.com/mnews/article/018/0005458636?rc=N&ntype=RANKING,20230407,이데일리
282,957,95170,0.9299852848052979,202206020560011277338,주택 화재 잇따라…2명 부상,https://n.news.naver.com/mnews/article/056/0011277338?rc=N&ntype=RANKING,20220602,KBS
283,256,167905,0.9218846559524536,202103050560011001027,사상구 아파트 불…60여 명 긴급 대피,https://news.naver.com/main/read.nhn?mode=LPOD&mid=sec&oid=056&aid=0011001027,20210305,KBS
284,37,46725,0.9084928035736084,202303270570001731263,인천 강화도 마니산 산불 밤샘 진화…진화율 86%,https://n.news.naver.com/mnews/article/057/0001731263?rc=N&ntype=RANKING,20230327,MBN
285,163,49832,0.80977463722229,202303140140004981579,"‘공장 화재’ 한국타이어, 주가 회복 언제쯤",https://n.news.naver.com/mnews/article/014/0004981579?rc=N&ntype=RANKING,20230314,파이낸셜뉴스
286,1007,120776,0.9498759508132935,202203074210005952341,산불 진압 위해 힘쓰는 산불재난특수진화대원,https://news.naver.com/main/read.naver?mode=LPOD&mid=sec&oid=421&aid=0005952341,20220307,뉴스1
287,347,9322,0.9278645515441895,202311020560011594324,5월까지 산불 조심 기간…산불방지대책본부 가동,https://n.news.naver.com/mnews/article/056/0011594324,20231102,KBS
288,295,57239,0.9215875267982483,202302216620000014882,"강원농협농촌사랑회, 화재 피해 농민에 지원금",https://n.news.naver.com/mnews/article/662/0000014882?rc=N&ntype=RANKING,20230221,농민신문
289,288,133800,0.9190363883972168,202201150560011195732,철원 돼지사육 농장서 불…돼지 500여 마리 폐사,https://news.naver.com/main/read.naver?mode=LPOD&mid=sec&oid=056&aid=0011195732,20220115,KBS
290,98,11637,0.8624413013458252,202310170560011583414,"[지구촌 날씨] 브라질 아마존, 산불로 대기질 악화",https://n.news.naver.com/mnews/article/056/0011583414,20231017,KBS
291,95,68190,0.9086027145385742,202212233660000864402,서울지하철 3호선 운행 재개… 화재 진압,https://n.news.naver.com/mnews/article/366/0000864402?rc=N&ntype=RANKING,20221223,조선비즈
292,292,67632,0.9451612234115601,202212266610000017898,제주 시내 주택 화재..인명피해  없어,https://n.news.naver.com/mnews/article/661/0000017898?rc=N&ntype=RANKING,20221226,JIBS
293,498,94633,0.8692874908447266,202206072770005099357,"경기소방본부, 대형물류창고·공사장 436곳 소방 불법행위 일제 단속",https://n.news.naver.com/mnews/article/277/0005099357?rc=N&ntype=RANKING,20220607,아시아경제
294,397,64663,0.8920072317123413,202301090790003725245,"부산 오피스텔 주차타워서 화재, 수십명 연기흡입…진화 중",https://n.news.naver.com/mnews/article/079/0003725245?rc=N&ntype=RANKING,20230109,노컷뉴스
295,250,63731,0.8556145429611206,202301130010013699803,창원 버섯재배 시설서 화재…5천만원 재산피해,https://n.news.naver.com/mnews/article/001/0013699803?rc=N&ntype=RANKING,20230113,연합뉴스
296,500,106263,0.8475360870361328,202204080030011110496,김제 단독주택서 불…2200여 만원 재산피해,https://news.naver.com/main/read.naver?mode=LPOD&mid=sec&oid=003&aid=0011110496,20220408,뉴시스
297,417,14286,0.9402664303779602,202309240560011572271,달리던 차량서 화재…인명 피해 없어,https://n.news.naver.com/mnews/article/056/0011572271,20230924,KBS
298,640,121717,0.9264945387840271,202203060030011045705,강원 산불 진화작업하는 소방 헬기,https://news.naver.com/main/read.naver?mode=LPOD&mid=sec&oid=003&aid=0011045705,20220306,뉴시스
299,249,15382,0.860116720199585,202309134170000948558,"불났던 아파트·다세대주택, 화재보험 받아준다… 담보도 확대",https://n.news.naver.com/mnews/article/417/0000948558,20230913,머니S
300,327,150973,0.9389891028404236,202108036290000098669,"여름철 폭염 속 에어컨 화재 급증...""실외기 안전관리 주의""",https://news.naver.com/main/read.naver?mode=LPOD&mid=sec&oid=629&aid=0000098669,20210803,더팩트
301,313,43050,0.9010318517684937,202304034210006724542,함평·순천서 대형 산불로 '소방 대응 2단계' 격상…주민 대피,https://n.news.naver.com/mnews/article/421/0006724542?rc=N&ntype=RANKING,20230403,뉴스1
302,244,47739,0.7572622299194336,202303216600000030586,건조한 날씨 속 영광ㆍ광양ㆍ장흥 등 곳곳서 불,https://n.news.naver.com/mnews/article/660/0000030586?rc=N&ntype=RANKING,20230321,kbc광주방송
303,624,142881,0.9175233840942383,202111033660000771166,대구 아파트서 방화 추정 화재...50대 男 숨져,https://news.naver.com/main/read.naver?mode=LPOD&mid=sec&oid=366&aid=0000771166,20211103,조선비즈
304,281,141604,0.9261631965637207,202111150790003574777,청주 아파트서 불…1명 화상,https://news.naver.com/main/read.naver?mode=LPOD&mid=sec&oid=079&aid=0003574777,20211115,노컷뉴스
305,358,52108,0.9225017428398132,202303092140001258601,경남 합천 산불‥20시간 만에 주불 진화,https://n.news.naver.com/mnews/article/214/0001258601?rc=N&ntype=RANKING,20230309,MBC
306,536,157230,0.7837317585945129,202106060140004651790,매장문화재 유존지역 정보 접근성 높인다,https://news.naver.com/main/read.nhn?mode=LPOD&mid=sec&oid=014&aid=0004651790,20210606,파이낸셜뉴스
307,57,29289,0.8825400471687317,202305244370000344310,"부산 오피스텔 화재 범인은 고양이…""전기레인지 누른 듯""",https://n.news.naver.com/mnews/article/437/0000344310,20230524,JTBC
308,172,45591,0.8394484519958496,202303306580000036943,거제 화도 가두리양식어장 뗏목서 화재,https://n.news.naver.com/mnews/article/658/0000036943?rc=N&ntype=RANKING,20230330,국제신문
309,364,2429,0.8586653470993042,202312190520001974420,[자막뉴스] 불꽃 번쩍 하더니...인천 화재 진압하던 소방관 머리 위에 `아찔`,https://n.news.naver.com/mnews/article/052/0001974420,20231219,YTN
310,86,9239,0.919233500957489,202311020030012185575,`부산불꽃축제` 100만명 몰린다…소방안전 점검·대책 총력,https://n.news.naver.com/mnews/article/003/0012185575,20231102,뉴시스
311,304,163131,0.8708862066268921,202104110560011023295,다세대 주택서 불…8명 대피,https://news.naver.com/main/read.nhn?mode=LPOD&mid=sec&oid=056&aid=0011023295,20210411,KBS
312,147,39739,0.9187303185462952,202304110210002566107,"강릉 산불에 문화재도 비상...문화재청 “‘보물’ 경포대 현판 옮기는 중”, 방해정 일부 소실",https://n.news.naver.com/mnews/article/021/0002566107?rc=N&ntype=RANKING,20230411,문화일보
313,1124,27270,0.8821767568588257,202306110030011906372,"대구소방, 다중이용시설 화재안전관리 강화 추진",https://n.news.naver.com/mnews/article/003/0011906372,20230611,뉴시스
314,67,25832,0.823805570602417,202306190010014011904,"""교사가 아들 때려"" 학폭 불인정에 교육청 방화 꾀한 50대 구속",https://n.news.naver.com/mnews/article/001/0014011904,20230619,연합뉴스
315,595,175097,0.8597623109817505,202101170820001060180,울산 서생 야산에서 산불...주불 진화 중,https://news.naver.com/main/read.nhn?mode=LPOD&mid=sec&oid=082&aid=0001060180,20210117,부산일보
316,67,31119,0.9198257327079773,202305120210002571479,[속보] 에버랜드 입구 부근 조형물서 화재…소방당국 진화,https://n.news.naver.com/mnews/article/021/0002571479,20230512,문화일보
317,209,75634,0.8971575498580933,202211020030011513841,"신진서, 박정환 꺾고 삼성화재배 4강行…'사실상 결승' 승리[바둑]",https://sports.news.naver.com/news?oid=003&aid=0011513841,20221102,뉴시스
318,114,26309,0.8819913268089294,202306160020002289560,대구 공장 화재 9시간 만에 진화… 인명 피해 없어,https://n.news.naver.com/mnews/article/002/0002289560,20230616,프레시안
319,168,36416,0.9023752808570862,202304171190002703321,"KB손보, 강릉지역 산불 피해 복구 지원활동 실시",https://n.news.naver.com/mnews/article/119/0002703321?rc=N&ntype=RANKING,20230417,데일리안
320,542,133019,0.838740885257721,202201200160001940383,"<신제품·신기술>엠에스알테크, 화재 잡는 ‘준불연 EPS단열재’ 개발",https://news.naver.com/main/read.naver?mode=LPOD&mid=sec&oid=016&aid=0001940383,20220120,헤럴드경제
321,121,33187,0.8412206172943115,202304280560011475016,"캠핑하다 피운 모닥불, 무인도 다 태울뻔…30대 관광객 2명 입건",https://n.news.naver.com/mnews/article/056/0011475016?rc=N&ntype=RANKING,20230428,KBS
322,521,82691,0.9197816848754883,202209266560000027433,[속보]  현대아울렛 대전점 화재… 진화작업 중,https://n.news.naver.com/mnews/article/656/0000027433?rc=N&ntype=RANKING,20220926,대전일보
323,632,36127,0.8855330944061279,202304186560000048276,"[숲 사랑] 산불피해지 복원의 기초자원, 자생식물",https://n.news.naver.com/mnews/article/656/0000048276?rc=N&ntype=RANKING,20230418,대전일보
324,227,8394,0.8682944774627686,202311090790003832035,"화재 현장 심장 멈춘 반려견, 소방대원들이 살려냈다[영상]",https://n.news.naver.com/mnews/article/079/0003832035,20231109,노컷뉴스
325,621,73726,0.9072015285491943,202211154480000382755,동두천 공장서 불…2시간여 만에 진화,https://n.news.naver.com/mnews/article/448/0000382755?rc=N&ntype=RANKING,20221115,TV조선
326,441,115919,0.9321272373199463,202203100210002505939,산불 이재민 돕기 3억원 기탁,https://news.naver.com/main/read.naver?mode=LPOD&mid=sec&oid=021&aid=0002505939,20220310,문화일보
327,232,118240,0.8732842206954956,202203084170000792278,"정부, 산불 피해주민에… 세금 유예, 보험료·전기가스료 감면 등",https://news.naver.com/main/read.naver?mode=LPOD&mid=sec&oid=417&aid=0000792278,20220308,머니S
328,901,98818,0.8983022570610046,202205160140004836634,고속도로 주행 중 승용차서 불... 차량 전소,https://n.news.naver.com/mnews/article/014/0004836634?rc=N&ntype=RANKING,20220516,파이낸셜뉴스
329,390,25664,0.8903330564498901,202306206570000015874,"대구 소방, 화재 취약계층에 소방시설 지원",https://n.news.naver.com/mnews/article/657/0000015874,20230620,대구MBC
330,240,20934,0.8185886144638062,202308041120003646155,"`소옆경2`김래원X손호준, 화재현장서 절체절명 위기..""일어나, 이 새X야""",https://entertain.naver.com/now/read?oid=112&aid=0003646155,20230804,헤럴드POP
331,522,6029,0.934639573097229,202311252140001314347,"[날씨] 전국에 영하권 추위‥동해안 건조특보, 화재 주의",https://n.news.naver.com/mnews/article/214/0001314347,20231125,MBC
332,634,13535,0.9451891779899597,202310020560011575348,고속도로 운행 화물차서 화재…인명피해 없어,https://n.news.naver.com/mnews/article/056/0011575348,20231002,KBS
333,458,72845,0.8869474530220032,202211220200003463610,"메리츠금융, 메리츠화재-증권 자회사 편입",https://n.news.naver.com/mnews/article/020/0003463610?rc=N&ntype=RANKING,20221122,동아일보
334,706,39953,0.9219478368759155,202304116660000008437,강릉 산불 민가 확산…소방 대응 최고 '3단계' 발령,https://n.news.naver.com/mnews/article/666/0000008437?rc=N&ntype=RANKING,20230411,경기일보
335,492,145689,0.8648844957351685,202109281390002156782,"[오피셜] 한상길, 삼성화재로 이적… 대한항공은 드래프트 지명권 받아",https://sports.news.naver.com/news?oid=139&aid=0002156782,20210928,스포탈코리아
336,405,126768,0.9034104347229004,202202260560011220429,전국 곳곳 산불 잇따라…문경·인제 야간 진화작업,https://news.naver.com/main/read.naver?mode=LPOD&mid=sec&oid=056&aid=0011220429,20220226,KBS
337,743,29567,0.9230728149414062,202305236610000025608,비닐하우스 창고서 불.. 인명 피해는  없어,https://n.news.naver.com/mnews/article/661/0000025608,20230523,JIBS
338,109,118342,0.8752285242080688,202203086290000136490,"광동제약, 산불 피해 지역에 의약품·식음료 긴급 지원",https://news.naver.com/main/read.naver?mode=LPOD&mid=sec&oid=629&aid=0000136490,20220308,더팩트
339,260,88864,0.8729034066200256,202207316290000164083,대구서 화재 잇따라…18명 연기흡입,https://n.news.naver.com/mnews/article/629/0000164083?rc=N&ntype=RANKING,20220731,더팩트
340,206,121749,0.8238697648048401,202203060030011045696,"전해철 행안장관 ""산불 진화 주력할 때…지원대책 강구""",https://news.naver.com/main/read.naver?mode=LPOD&mid=sec&oid=003&aid=0011045696,20220306,뉴시스
341,53,24376,0.8200655579566956,202307014680000957467,"김관영 전북도지사, 남원의료원 화재 현장 방문",https://n.news.naver.com/mnews/article/468/0000957467,20230701,스포츠서울
342,912,48702,0.924498438835144,202303184210006691801,강원 전역 건조특보 속 정선·평창서 잇단 산불…산림당국 진화 중(종합),https://n.news.naver.com/mnews/article/421/0006691801?rc=N&ntype=RANKING,20230318,뉴스1
343,380,6731,0.9138447046279907,202311200870001008166,"[포토뉴스]강원소방, 화재안전조사 점검 교육 실시",https://n.news.naver.com/mnews/article/087/0001008166,20231120,강원일보
344,107,19954,0.81651771068573,202308120220003844445,"하와이 산불 대응, 의문 증폭...주민들 “경보 안 울렸다, 연기 맡고 탈출”",https://n.news.naver.com/mnews/article/022/0003844445,20230812,세계일보
345,49,27210,0.948412299156189,202306113660000908309,인천공항 KAL 라운지서 화재… 160여명 대피,https://n.news.naver.com/mnews/article/366/0000908309,20230611,조선비즈
346,399,105975,0.8971481323242188,202204090180005186066,"경북 봉화 또 산불 발생…산림당국 ""헬기 투입해 진화 중""",https://news.naver.com/main/read.naver?mode=LPOD&mid=sec&oid=018&aid=0005186066,20220409,이데일리
347,39,31626,0.8729385137557983,202305090820001211402,부산 아파트서 불… 개·고양이 14마리 폐사,https://n.news.naver.com/mnews/article/082/0001211402,20230509,부산일보
348,390,141007,0.8875957131385803,202111210560011160864,서울 신림동 다세대주택에 불…30대 여성 숨져,https://news.naver.com/main/read.naver?mode=LPOD&mid=sec&oid=056&aid=0011160864,20211121,KBS
349,85,153545,0.8346590995788574,202107060520001610305,"""돈 갚아라"" 실랑이하다 불 지른 40대 집행유예",https://news.naver.com/main/read.nhn?mode=LPOD&mid=sec&oid=052&aid=0001610305,20210706,YTN
350,185,165681,0.8102596998214722,202103230520001566234,로힝야 난민촌 대형화재...판잣집 수천 채 잿더미,https://news.naver.com/main/read.nhn?mode=LPOD&mid=sec&oid=052&aid=0001566234,20210323,YTN
351,201,26656,0.824980616569519,202306151190002721647,"경기도 특사경, 오피스텔 등 불법 숙박업 영업 36곳 적발",https://n.news.naver.com/mnews/article/119/0002721647,20230615,데일리안
352,435,159928,0.8344733119010925,202105061190002490625,"김용범 메리츠화재 부회장, 장기보험 연착륙 본격 시동",https://news.naver.com/main/read.nhn?mode=LPOD&mid=sec&oid=119&aid=0002490625,20210506,데일리안
353,371,76826,0.894417405128479,202210250110004114489,[사진] 대구 농수산물 도매시장 대형 화재,https://n.news.naver.com/mnews/article/011/0004114489?rc=N&ntype=RANKING,20221025,서울경제
354,84,38538,0.9332767724990845,202304120790003758405,"행안부, 산불피해에 특교세 10억원 긴급지원",https://n.news.naver.com/mnews/article/079/0003758405?rc=N&ntype=RANKING,20230412,노컷뉴스
355,130,120522,0.8847295641899109,202203070560011225087,"농식품부, 산불 피해지역 농업인 지원한다",https://news.naver.com/main/read.naver?mode=LPOD&mid=sec&oid=056&aid=0011225087,20220307,KBS
356,510,61656,0.8540012240409851,202301260870000948922,"[포토뉴스]강원도, 산불 예방·진화 공조 머리 맞대",https://n.news.naver.com/mnews/article/087/0000948922?rc=N&ntype=RANKING,20230126,강원일보
357,353,76512,0.8768584728240967,202210260880000781239,한번 불 나면 대형 화재로 번지는 전통시장…매천시장 다른 건물도 취약,https://n.news.naver.com/mnews/article/088/0000781239?rc=N&ntype=RANKING,20221026,매일신문
358,663,67014,0.8789348602294922,202212296600000025072,[영상]제2경인고속도로 방음터널 구간서 화재 2명 숨져,https://n.news.naver.com/mnews/article/660/0000025072?rc=N&ntype=RANKING,20221229,kbc광주방송
359,332,51574,0.8915312886238098,202303110010013807324,고양 가구공장서 불…1억 1천만원 상당 재산 피해,https://n.news.naver.com/mnews/article/001/0013807324?rc=N&ntype=RANKING,20230311,연합뉴스
360,140,18390,0.8971352577209473,202308210050001632146,"대규모 산불 피해 하와이 돕기…  현대차·기아, 30만 달러 기부",https://n.news.naver.com/mnews/article/005/0001632146,20230821,국민일보
361,120,66464,0.7596765756607056,202212300790003722478,전남 영암 태양광에너지 보관시설 화재 47시간 만에 진화…1억 5천만원 피해,https://n.news.naver.com/mnews/article/079/0003722478?rc=N&ntype=RANKING,20221230,노컷뉴스
362,240,125972,0.872962236404419,202203010200003413923,합천·고령 산불 27시간 만에 진화…축구장 945개 면적 소실,https://news.naver.com/main/read.naver?mode=LPOD&mid=sec&oid=020&aid=0003413923,20220301,동아일보
363,1422,106345,0.9340757131576538,202204080050001517491,일산운정벧엘교회 산불피해지역 구호 1억 기부,https://news.naver.com/main/read.naver?mode=LPOD&mid=sec&oid=005&aid=0001517491,20220408,국민일보
364,334,104239,0.8477640151977539,202204120560011246985,산불 주범 ‘농촌 야외소각’…해결책 없나?,https://news.naver.com/main/read.naver?mode=LPOD&mid=sec&oid=056&aid=0011246985,20220412,KBS
365,454,126180,0.9181433916091919,202203014210005938147,"최병암 산림청장, 산불진화 상황 및 대책 설명",https://news.naver.com/main/read.naver?mode=LPOD&mid=sec&oid=421&aid=0005938147,20220301,뉴스1
366,273,162657,0.9467925429344177,202104160030010450655,부산 식당 가건물 화재…인명피해 없어,https://news.naver.com/main/read.nhn?mode=LPOD&mid=sec&oid=003&aid=0010450655,20210416,뉴시스
367,671,4188,0.9010676145553589,202312040560011615152,경남 김해 산업용 테이프 제조 공장 불…2명 연기 마셔,https://n.news.naver.com/mnews/article/056/0011615152,20231204,KBS
368,307,3738,0.8483824729919434,202312074370000369864,`실수가 재난으로`...12월 서울 업무시설·공사장서 화재 빈발,https://n.news.naver.com/mnews/article/437/0000369864,20231207,JTBC
369,747,70854,0.8754760026931763,202212060520001822246,공장 건설 현장에서 불...5명 대피,https://n.news.naver.com/mnews/article/052/0001822246?rc=N&ntype=RANKING,20221206,YTN
370,268,98877,0.9150370955467224,202205150560011266264,단독 주택 화재…80대 집주인 중상,https://n.news.naver.com/mnews/article/056/0011266264?rc=N&ntype=RANKING,20220515,KBS
371,244,43319,0.9066133499145508,202304036600000031578,전남 순천·함평서 산불 잇따라..산림당국 진화 중,https://n.news.naver.com/mnews/article/660/0000031578?rc=N&ntype=RANKING,20230403,kbc광주방송
372,158,31267,0.841966986656189,202305114480000408780,"고성 산불 피해 소송 법정다툼 연장…한전, 항소 제기",https://n.news.naver.com/mnews/article/448/0000408780,20230511,TV조선
373,386,555,0.8955892324447632,202312270520001977754,남양주 아파트 13층서 화재...주민 1명 사망,https://n.news.naver.com/mnews/article/052/0001977754,20231227,YTN
374,94,23596,0.9478550553321838,202307104480000417566,인천 다세대주택서 화재…1명 사망·3명 부상,https://n.news.naver.com/mnews/article/448/0000417566,20230710,TV조선
375,147,960,0.9382312297821045,202312260790003846774,도봉구 아파트 화재 원인 조사…경찰·소방 합동감식,https://n.news.naver.com/mnews/article/079/0003846774,20231226,노컷뉴스
376,15,32669,0.9813371300697327,202305021190002708688,"메리츠화재, 최대 28%저렴해진 펫보험 출시",https://n.news.naver.com/mnews/article/119/0002708688?rc=N&ntype=RANKING,20230502,데일리안
377,298,61711,0.8547489643096924,202301260790003730856,남원 폐기물 공장서 불…11시간째 진화 중,https://n.news.naver.com/mnews/article/079/0003730856?rc=N&ntype=RANKING,20230126,노컷뉴스
378,467,151065,0.9040558934211731,202108020560011094239,철거 중인 공장에서 불…1시간 만에 진화,https://news.naver.com/main/read.naver?mode=LPOD&mid=sec&oid=056&aid=0011094239,20210802,KBS
379,315,143253,0.8910857439041138,202110290310000631912,"'러셀 36점' 삼성화재, KB손보에 3-2 진땀승…2연승·3위 도약",https://sports.news.naver.com/news?oid=031&aid=0000631912,20211029,아이뉴스24
380,110,46383,0.9675928354263306,202303280200003487833,안산 빌라서 화재… 나이지리아 어린 4남매 숨졌다,https://n.news.naver.com/mnews/article/020/0003487833?rc=N&ntype=RANKING,20230328,동아일보
381,491,118000,0.9285986423492432,202203080010013038074,"[동해안 산불] 강원도, 이재민들에 임시 주거용 조립주택 지원",https://news.naver.com/main/read.naver?mode=LPOD&mid=sec&oid=001&aid=0013038074,20220308,연합뉴스
382,506,48749,0.8911742568016052,202303180080004863706,남양주 아파트에서 화재…70대 어머니·30대 아들 숨져,https://n.news.naver.com/mnews/article/008/0004863706?rc=N&ntype=RANKING,20230318,머니투데이
383,410,167672,0.927930474281311,202103064680000748429,"천년고찰 내장사 대웅전, 방화로 잿더미…방화 승려 “술김에 불 질러”",https://news.naver.com/main/read.nhn?mode=LPOD&mid=sec&oid=468&aid=0000748429,20210306,스포츠서울
384,123,21996,0.8933164477348328,202307274220000611180,그리스·이탈리아 거대 산불…인명피해 속출,https://n.news.naver.com/mnews/article/422/0000611180,20230727,연합뉴스TV
385,243,149198,0.881199836730957,202108184210005547752,원주 타이어 공장 화재 발생,https://news.naver.com/main/read.naver?mode=LPOD&mid=sec&oid=421&aid=0005547752,20210818,뉴스1
386,529,133205,0.9044742584228516,202201190320003123643,"드론감시단·드론진화대···급증하는 산불, 이젠 첨단기술로 진압",https://news.naver.com/main/read.naver?mode=LPOD&mid=sec&oid=032&aid=0003123643,20220119,경향신문
387,176,9296,0.8895170092582703,202311020560011594368,"강원소방, ‘어린이 불조심 포스터 공모전’ 개최",https://n.news.naver.com/mnews/article/056/0011594368,20231102,KBS
388,36,20369,0.9246374368667603,202308100030012025536,"추신수 살던 `美1200평 대저택` 산불에 전소…하원미 ""너무 충격""",https://entertain.naver.com/now/read?oid=003&aid=0012025536,20230810,뉴시스
389,96,37055,0.9603066444396973,202304146290000211787,"네이버·카카오, 강원 산불피해 복구 성금 10억 원 기부…김범수 창업자도 동참",https://n.news.naver.com/mnews/article/629/0000211787?rc=N&ntype=RANKING,20230414,더팩트
390,523,22577,0.9174887537956238,202307210030011988823,전기차 화재 대응훈련,https://n.news.naver.com/mnews/article/003/0011988823,20230721,뉴시스
391,72,34093,0.9080785512924194,202304240300003093842,"美 디즈니랜드 '불 뿜는 용' 진짜로 불 휩싸여…""공연 일부인줄""",https://n.news.naver.com/mnews/article/030/0003093842?rc=N&ntype=RANKING,20230424,전자신문
392,536,21620,0.8982521891593933,202307294490000254440,그리스 폭염 ‘탈출 대란’…산불에 화약고까지 폭발,https://n.news.naver.com/mnews/article/449/0000254440,20230729,채널A
393,15,15151,0.9711010456085205,202309150160002198120,‘분유 훔치려고’ 마트에 불지른 美 40대女…20억원 피해,https://n.news.naver.com/mnews/article/016/0002198120,20230915,헤럴드경제
394,265,3200,0.8241236209869385,202312136600000051307,"""퇴마의식 하다가.."" 입원 중인 장모에 불 붙인 사위 `징역형`",https://n.news.naver.com/mnews/article/660/0000051307,20231213,kbc광주방송
395,606,38660,0.9457701444625854,202304124210006742274,"[속보] 尹, 대형 산불 피해 입은 강릉 '특별재난지역' 선포",https://n.news.naver.com/mnews/article/421/0006742274?rc=N&ntype=RANKING,20230412,뉴스1
396,1070,92459,0.8879295587539673,202206270560011290880,청주 폐기물재활용 공장 화재…진화 중,https://n.news.naver.com/mnews/article/056/0011290880?rc=N&ntype=RANKING,20220627,KBS
397,275,108606,0.9082773923873901,202203300220003681328,피해망상에 토치로 강릉·동해 일대 대형 산불 낸 60대 구속기소,https://news.naver.com/main/read.naver?mode=LPOD&mid=sec&oid=022&aid=0003681328,20220330,세계일보
398,389,61749,0.8737518787384033,202301260810003334782,천안 아파트서 불…40여명 대피,https://n.news.naver.com/mnews/article/081/0003334782?rc=N&ntype=RANKING,20230126,서울신문
399,41,46002,0.8198977708816528,202303290080004868110,[영상]멕시코 이민자 수용시설 불타는데…구조 없이 빠져나간 직원들,https://n.news.naver.com/mnews/article/008/0004868110?rc=N&ntype=RANKING,20230329,머니투데이
400,562,142692,0.8656172156333923,202111040880000729315,몸에 휘발유 뿌리고 파출소에 불지르려 한 50대…음주운전 벌금 처분 '앙심',https://news.naver.com/main/read.naver?mode=LPOD&mid=sec&oid=088&aid=0000729315,20211104,매일신문
401,350,2069,0.8317880630493164,202312210030012280025,"화재 감지부터 초기 화재진압까지, 화재순찰로봇 시범 운영",https://n.news.naver.com/mnews/article/003/0012280025,20231221,뉴시스
402,186,17046,0.8487372398376465,202308293740000349137,"기아 화성공장, 화재로 일부 가동 중단…생산 차질 불가피",https://n.news.naver.com/mnews/article/374/0000349137,20230829,SBSBiz
403,94,39198,0.919083833694458,202304110870000963649,[속보]강릉산불 전소 주택서 80대 남성 숨진 채 발견…1명 부상·13명 연기 흡입,https://n.news.naver.com/mnews/article/087/0000963649?rc=N&ntype=RANKING,20230411,강원일보
404,161,18757,0.8776965141296387,202308180010014138323,"""차에서 환청 들려""…주차 차량들 부수고 불 지른 20대 긴급체포",https://n.news.naver.com/mnews/article/001/0014138323,20230818,연합뉴스
405,91,44356,0.8951111435890198,202304024220000591793,서울 인왕산 화재 진화 중…120가구 대피,https://n.news.naver.com/mnews/article/422/0000591793?rc=N&ntype=RANKING,20230402,연합뉴스TV
406,33,31765,0.9079461097717285,202305090220003810645,"“이게 무슨 찬밥이냐” 강릉산불 이재민들, 어버이날 ‘부실 도시락’에 눈물",https://n.news.naver.com/mnews/article/022/0003810645,20230509,세계일보
407,249,29954,0.6995615363121033,202305203120000611179,"민우혁, 엄정화 `공주님 안기`…불륜 남편 김병철은 질투 (`닥터 차정숙`)",https://entertain.naver.com/now/read?oid=312&aid=0000611179,20230520,텐아시아
408,478,82077,0.8592654466629028,202209270050001555427,"“아울렛 화재, 소화전·스프링클러 작동안돼” 현장 증언",https://n.news.naver.com/mnews/article/005/0001555427?rc=N&ntype=RANKING,20220927,국민일보
409,270,54340,0.8399902582168579,202303050280002629933,인천 현대시장 큰불…점포 55곳 불에 타,https://n.news.naver.com/mnews/article/028/0002629933?rc=N&ntype=RANKING,20230305,한겨레
410,504,35918,0.8535917401313782,202304184210006755252,'도심형 산불' 탓 강릉 산불 피해 눈덩이…재산피해만 400억원,https://n.news.naver.com/mnews/article/421/0006755252?rc=N&ntype=RANKING,20230418,뉴스1
411,45,54,0.9564204216003418,202312310550001118729,`아빠가 이사할 집 청소하는 사이`…원룸 화재로 5살 아이 숨져,https://n.news.naver.com/mnews/article/055/0001118729,20231231,SBS
412,205,1728,0.9115338921546936,202312230820001248018,"[속보] 소방 ""포항제철소 화재 진화…재발화 우려 대비 중""",https://n.news.naver.com/mnews/article/082/0001248018,20231223,부산일보
413,99,2639,0.9141202569007874,202312180550001115247,"`54명 중경상` 인천 호텔 화재…경찰, 수사전담팀 구성",https://n.news.naver.com/mnews/article/055/0001115247,20231218,SBS
414,41,40375,0.9386243224143982,202304100050001600107,"김진태, ‘산불 골프’ 논란에 “가만히 좀 내버려 달라”",https://n.news.naver.com/mnews/article/005/0001600107?rc=N&ntype=RANKING,20230410,국민일보
415,479,153317,0.8742567300796509,202107092140001134703,소화전 들고 뛴 시민영웅…대형 화재 막았다,https://news.naver.com/main/read.naver?mode=LPOD&mid=sec&oid=214&aid=0001134703,20210709,MBC
416,47,21796,0.9453636407852173,202307280220003839155,돼지 70마리 싣고 달리던 트럭 불... 도로서 돼지 포획 ‘대소동’[영상],https://n.news.naver.com/mnews/article/022/0003839155,20230728,세계일보
417,247,20982,0.732133150100708,202308040050001628628,잇단 흉악 범죄 속 국민 불안 자극하는 ‘흉기난동 헛소문’ 주의보,https://n.news.naver.com/mnews/article/005/0001628628,20230804,국민일보
418,419,81258,0.9138408899307251,202209296550000004913,달리던 버스에서 화재...승객 대피 소동,https://n.news.naver.com/mnews/article/655/0000004913?rc=N&ntype=RANKING,20220929,CJB청주방송
419,199,33491,0.8519150018692017,202304270110004183889,화재 안전 성능보강 기한 3년 연장,https://n.news.naver.com/mnews/article/011/0004183889?rc=N&ntype=RANKING,20230427,서울경제
420,333,22961,0.8803306221961975,202307184210006935181,제주 전기자재업체 큰불...화재 진압 중,https://n.news.naver.com/mnews/article/421/0006935181,20230718,뉴스1
421,361,158241,0.8835520148277283,202105240560011049289,"음주운전 차량, 도로 위 인부 들이받고 화재로 전소…1명 사망",https://news.naver.com/main/read.nhn?mode=LPOD&mid=sec&oid=056&aid=0011049289,20210524,KBS
422,66,38702,0.8860719799995422,202304121120003625230,"토니안, 콘서트 잠정 연기..이화여대 화재 여파[공식]",https://entertain.naver.com/now/read?oid=112&aid=0003625230,20230412,헤럴드POP
423,2241,96821,0.921309769153595,202205280030011215286,"경북 울진 산불, 진화중",https://n.news.naver.com/mnews/article/003/0011215286?rc=N&ntype=RANKING,20220528,뉴시스
424,16,131934,0.9436745643615723,202201270520001694755,창원 진해구 아파트에서 불...1명 중상·70여 명 대피,https://news.naver.com/main/read.naver?mode=LPOD&mid=sec&oid=052&aid=0001694755,20220127,YTN
425,59,20509,0.9044379591941833,202308090010014122708,"삼성화재·파나소닉, 프로배구 컵대회 준결승 진출 확정(종합)",https://sports.news.naver.com/news.nhn?oid=001&aid=0014122708,20230809,연합뉴스
426,73,18109,0.8918750286102295,202308220520001926056,학폭위 결과 불만 품고 교육청 방화 시도한 일가족,https://n.news.naver.com/mnews/article/052/0001926056,20230822,YTN
427,57,35159,0.8685716390609741,202304204210006760548,"김은숙 작가, 강릉 산불 피해 이재민에 식사·간식 전달 '선행'",https://entertain.naver.com/now/read?oid=421&aid=0006760548,20230420,뉴스1
428,801,167271,0.9299532771110535,202103104210005213084,장성 야산서 산불…헬기 투입해 진화중,https://news.naver.com/main/read.nhn?mode=LPOD&mid=sec&oid=421&aid=0005213084,20210310,뉴스1
429,217,55289,0.9125414490699768,202303020560011437704,광주 아파트 화재…주민 대피,https://n.news.naver.com/mnews/article/056/0011437704?rc=N&ntype=RANKING,20230302,KBS
430,30,14820,0.9441140294075012,202309190140005074622,‘펑’ 소리에도 불길 속 뛰어든 우즈벡인...폭발한 식당서 할머니 구했다,https://n.news.naver.com/mnews/article/014/0005074622,20230919,파이낸셜뉴스
431,38,31104,0.9496997594833374,202305120010013937972,용인 에버랜드 내 나무 모양 조형물서 불…인명피해 없어(종합),https://n.news.naver.com/mnews/article/001/0013937972,20230512,연합뉴스
432,82,120092,0.9261809587478638,202203071230002268818,"농심,   산불 피해지역에 '긴급구호식품 팩' 지원",https://news.naver.com/main/read.naver?mode=LPOD&mid=sec&oid=123&aid=0002268818,20220307,조세일보
433,196,17197,0.8862107396125793,202308284210007013129,"삼성화재, ‘업계 최초’ 자녀보험 분활지급 신설…‘New 마이 슈퍼스타’ 출시",https://n.news.naver.com/mnews/article/421/0007013129,20230828,뉴스1
434,72,42002,0.9476322531700134,202304040090005111609,충남 홍성 산불···53시간 만에 주불 진화 완료,https://n.news.naver.com/mnews/article/009/0005111609?rc=N&ntype=RANKING,20230404,매일경제
435,352,49363,0.9488089084625244,202303164210006688862,한국타이어 대전공장 화재 피해 접수 잇따라,https://n.news.naver.com/mnews/article/421/0006688862?rc=N&ntype=RANKING,20230316,뉴스1
436,517,27515,0.9044101238250732,202306090220003821139,기온상승·장기 가뭄·강우 변화… 통제 불능 산불 만들었다 [기후위기 몸살],https://n.news.naver.com/mnews/article/022/0003821139,20230609,세계일보
437,268,80239,0.8566709160804749,202210060140004909302,"경기도 특사경, 폐차장 불법위험물 취급행위 등 집중 단속",https://n.news.naver.com/mnews/article/014/0004909302?rc=N&ntype=RANKING,20221006,파이낸셜뉴스
438,15,44173,0.9335544109344482,202304020820001205364,[속보] 서울 인왕산 산불 불길 잡혀…축구장 20개 면적 소실,https://n.news.naver.com/mnews/article/082/0001205364?rc=N&ntype=RANKING,20230402,부산일보
439,916,163465,0.9400603175163269,202104104220000479903,"[날씨] 주말 전국 맑고 따뜻…건조한 대기, 화재 유의",https://news.naver.com/main/read.nhn?mode=LPOD&mid=sec&oid=422&aid=0000479903,20210410,연합뉴스TV
440,468,82985,0.9352019429206848,202209224210006349243,'화재 대피 훈련',https://n.news.naver.com/mnews/article/421/0006349243?rc=N&ntype=RANKING,20220922,뉴스1
441,439,69612,0.9150390625,202212134210006516341,겨울철 화재예방 점검,https://n.news.naver.com/mnews/article/421/0006516341?rc=N&ntype=RANKING,20221213,뉴스1
442,375,57556,0.9076670408248901,202302200140004971388,"경북 안동 산불 진화..""주택서 시작한 불씨가 산으로 번져""",https://n.news.naver.com/mnews/article/014/0004971388?rc=N&ntype=RANKING,20230220,파이낸셜뉴스
443,753,110190,0.8879126906394958,202203240180005173270,"선진, 동해안 산불 피해 이웃에 5000만원 성금 기부",https://news.naver.com/main/read.naver?mode=LPOD&mid=sec&oid=018&aid=0005173270,20220324,이데일리
444,165,32018,0.9001188278198242,202305070320003222026,불난 13층 건물서 거동 불편 80대 할머니 업고 구조한 경찰관,https://n.news.naver.com/mnews/article/032/0003222026?rc=N&ntype=RANKING,20230507,경향신문
445,280,142591,0.6810345649719238,202111050560011150902,[특파원 리포트] 中 “전쟁 나나?”…불안 심리에 마트 ‘텅텅’·가짜 문자까지,https://news.naver.com/main/read.naver?mode=LPOD&mid=sec&oid=056&aid=0011150902,20211105,KBS
446,493,119895,0.8673639297485352,202203070010013035772,[동해안 산불] 심한 연기·안개로 헬기 투입 난항…진화 교착상태,https://news.naver.com/main/read.naver?mode=LPOD&mid=sec&oid=001&aid=0013035772,20220307,연합뉴스
447,307,67634,0.896670937538147,202212260110004137657,"""주행 중인 테슬라서 갑자기 타는 냄새""…전기차 또 화재",https://n.news.naver.com/mnews/article/011/0004137657?rc=N&ntype=RANKING,20221226,서울경제
448,160,86618,0.7877353429794312,202208170200003445939,"“굴착공사로 세계 최대 규모 고인돌 훼손”…문화재청, 김해시장 고발",https://n.news.naver.com/mnews/article/020/0003445939?rc=N&ntype=RANKING,20220817,동아일보
449,200,47483,0.8978698253631592,202303220220003794972,강원도 민통선 내 산불 진화…군 사격장 인근 산불은 진화 중,https://n.news.naver.com/mnews/article/022/0003794972?rc=N&ntype=RANKING,20230322,세계일보
450,371,82465,0.8058968782424927,202209260870000925235,고성 해상1리 소각산불 없는 녹색 우수마을 선정,https://n.news.naver.com/mnews/article/087/0000925235?rc=N&ntype=RANKING,20220926,강원일보
451,260,60805,0.9274158477783203,202302014210006604932,"부산시, 정월대보름 산불방지 특별대책 추진…산불 예방 총력",https://n.news.naver.com/mnews/article/421/0006604932?rc=N&ntype=RANKING,20230201,뉴스1
452,257,171542,0.8575951457023621,202102164210005168984,"금산군, 동절기 산림 불법행위 특별단속…입산통제출입·인화물질 중점",https://news.naver.com/main/read.nhn?mode=LPOD&mid=sec&oid=421&aid=0005168984,20210216,뉴스1
453,285,27610,0.8477859497070312,202306086610000026561,초등학교 옥상서 `불길`.. 내부에 있던 학생들 대피,https://n.news.naver.com/mnews/article/661/0000026561,20230608,JIBS
454,260,141784,0.8829084634780884,202111140520001664959,서울 화양동 음식점 창고 화재...1명 연기 흡입,https://news.naver.com/main/read.naver?mode=LPOD&mid=sec&oid=052&aid=0001664959,20211114,YTN
455,384,21014,0.8778127431869507,202308042930000046602,"현대차·기아, 미국 이어 국내도 `화재 위험` ISG 리콜",https://n.news.naver.com/mnews/article/293/0000046602,20230804,블로터
456,270,124715,0.7974768280982971,202203040010013029970,7번 국도 주변으로 번진 산불,https://news.naver.com/main/read.naver?mode=LPOD&mid=sec&oid=001&aid=0013029970,20220304,연합뉴스
457,244,136757,0.8103737235069275,202201022770005024459,"남아공 국회 단지 내 건물서 화재…""불길 잡아""(종합)",https://news.naver.com/main/read.naver?mode=LPOD&mid=sec&oid=277&aid=0005024459,20220102,아시아경제
458,66,159177,0.9307571053504944,202105120550000893674,"""내가 불냈냥?"" 빈집 화재 원인은 고양이…반려동물 화재주의보",https://news.naver.com/main/read.nhn?mode=LPOD&mid=sec&oid=055&aid=0000893674,20210512,SBS
459,121,131957,0.7573428750038147,202201270520001694729,"[제보는Y] 갈라지는 고려 보물...서울시, 문화재 보호법 위반 논란",https://news.naver.com/main/read.naver?mode=LPOD&mid=sec&oid=052&aid=0001694729,20220127,YTN
460,302,82226,0.9394952058792114,202209264220000562303,"[현장연결] 대전 현대아울렛 화재…소방당국 ""사망 7명, 중상 1명""",https://n.news.naver.com/mnews/article/422/0000562303?rc=N&ntype=RANKING,20220926,연합뉴스TV
461,103,25966,0.8873199224472046,202306180220003824204,120여명 탄 필리핀 여객선 화재,https://n.news.naver.com/mnews/article/022/0003824204,20230618,세계일보
462,549,169245,0.9491996765136719,202102234220000472829,[날씨클릭] 차고 건조한 날씨 속 산불 조심…내일 낮부터 기온↑,https://news.naver.com/main/read.nhn?mode=LPOD&mid=sec&oid=422&aid=0000472829,20210223,연합뉴스TV
463,55,48134,0.8294117450714111,202303200090005104084,尹 “대외 금융불안 모니터링 강화…리스크시 즉시 조치”,https://n.news.naver.com/mnews/article/009/0005104084?rc=N&ntype=RANKING,20230320,매일경제
464,343,161098,0.8370944261550903,202104254490000207824,새벽 화재 참사 막은 배송기사…표창장·상금 수여,https://news.naver.com/main/read.nhn?mode=LPOD&mid=sec&oid=449&aid=0000207824,20210425,채널A
465,42,76587,0.9073655009269714,202210260300003054198,"벤츠, 산불 피해 울진 '도화동산' 산림 복원에 6억원 투입",https://n.news.naver.com/mnews/article/030/0003054198?rc=N&ntype=RANKING,20221026,전자신문
466,313,137979,0.8929876685142517,202112250870000874668,불탄 차량안에서 남성 숨진 채 발견,https://news.naver.com/main/read.naver?mode=LPOD&mid=sec&oid=087&aid=0000874668,20211225,강원일보
467,178,68033,0.8919936418533325,202212230520001829386,'선로 화재'로 멈춘 서울 지하철 3호선...출근길 극심한 혼잡,https://n.news.naver.com/mnews/article/052/0001829386?rc=N&ntype=RANKING,20221223,YTN
468,536,94085,0.83046555519104,202206090250003201233,"[단독] ""방화 용의자는 ‘악성 항의’ 상대측 의뢰인""…인화물질 들고 난입 후 불 붙여[대구 폭발화재]",https://n.news.naver.com/mnews/article/025/0003201233?rc=N&ntype=RANKING,20220609,중앙일보
469,240,21852,0.9218926429748535,202307280010014097780,대구 다가구 주택서 화재…40대 심정지 상태,https://n.news.naver.com/mnews/article/001/0014097780,20230728,연합뉴스
470,470,174245,0.8783670663833618,202101240230003591860,리콜 하고도 불 난 현대차 코나 전기차... “원인 파악 중”,https://news.naver.com/main/read.nhn?mode=LPOD&mid=sec&oid=023&aid=0003591860,20210124,조선일보
471,170,37519,0.8109290599822998,202304130790003759124,강릉 산불 피해지역 자원봉사 차량 고속도로 통행료 면제,https://n.news.naver.com/mnews/article/079/0003759124?rc=N&ntype=RANKING,20230413,노컷뉴스
472,196,50137,0.8526219129562378,202303140520001860418,[굿모닝브리핑] 한국타이어 공장 화재...자동차업계 불똥 우려,https://n.news.naver.com/mnews/article/052/0001860418?rc=N&ntype=RANKING,20230314,YTN
473,867,53301,0.8921539783477783,202303070030011727152,화재로 불에 탄 주택,https://n.news.naver.com/mnews/article/003/0011727152?rc=N&ntype=RANKING,20230307,뉴시스
474,479,38990,0.8565621376037598,202304114220000593394,강원 강릉 대형 산불…8시간 만에 주불 진화,https://n.news.naver.com/mnews/article/422/0000593394?rc=N&ntype=RANKING,20230411,연합뉴스TV
475,131,46120,0.8725942373275757,202303292140001262638,"멕시코 이민자 수용소 화재‥""최소 39명 사망""",https://n.news.naver.com/mnews/article/214/0001262638?rc=N&ntype=RANKING,20230329,MBC
476,529,8703,0.8729511499404907,202311070250003319730,[김기자의 V토크] 김상우 감독과 함께 부활 시동 건 배구명가 삼성화재,https://sports.news.naver.com/news.nhn?oid=025&aid=0003319730,20231107,중앙일보
477,125,147697,0.7693336009979248,202109010880000719330,"""화재 소실 5년 만에""…서문시장 4지구 재건축 청사진 나왔다",https://news.naver.com/main/read.naver?mode=LPOD&mid=sec&oid=088&aid=0000719330,20210901,매일신문
478,23,15109,0.9182881116867065,202309150010014195522,"경찰청장 ""부산 목욕탕 화재 부상 경찰관 치료비 전액 지원""",https://n.news.naver.com/mnews/article/001/0014195522,20230915,연합뉴스
479,292,15445,0.854304313659668,202309130010014188962,`일가족 화재 추락사고` 아들 품고 떨어진 40대 아버지 발인,https://n.news.naver.com/mnews/article/001/0014188962,20230913,연합뉴스
480,136,5240,0.9501364231109619,202311290030012239349,안성 칠장사 화재로 조계종 총무원장 지낸 자승스님 입적(종합),https://n.news.naver.com/mnews/article/003/0012239349,20231129,뉴시스
481,341,24979,0.8743581771850586,202306250030011934470,전북 정읍시 돈사에서 불…돼지 1000마리 폐사,https://n.news.naver.com/mnews/article/003/0011934470,20230625,뉴시스
482,422,9456,0.8670639395713806,202311016610000033090,화재 잇따라...다친 사람  없어,https://n.news.naver.com/mnews/article/661/0000033090,20231101,JIBS
483,413,122401,0.9276893138885498,202203060110004026352,"유통업계, 산불피해지역에 긴급 구호물품 지원",https://news.naver.com/main/read.naver?mode=LPOD&mid=sec&oid=011&aid=0004026352,20220306,서울경제
484,141,18181,0.8897813558578491,202308220520001925843,"바이든, 산불 13일 만에 하와이 현장 방문...일부 `가운데 손가락` 욕",https://n.news.naver.com/mnews/article/052/0001925843,20230822,YTN
485,106,50666,0.8540888428688049,202303130570001728230,"前티아라 소연, 대전 공장 화재에 긴급 대피 “집에 연기가 심해...”",https://entertain.naver.com/now/read?oid=057&aid=0001728230,20230313,MBN
486,120,9556,0.9378348588943481,202311010010014302904,"소방청, 11월 `불조심 강조의 달` 지정…화재 예방 캠페인 진행",https://n.news.naver.com/mnews/article/001/0014302904,20231101,연합뉴스
487,380,148677,0.8550275564193726,202108204690000624891,"'황교익 여진' 지속... 이재명, 쿠팡화재 당일 '먹방'에 與野 십자포화",https://news.naver.com/main/read.naver?mode=LPOD&mid=sec&oid=469&aid=0000624891,20210820,한국일보
488,96,41609,0.9093234539031982,202304054210006728398,"[속보] 尹, '산불' 홍성 등 10곳 특별재난지역 선포 추진 지시",https://n.news.naver.com/mnews/article/421/0006728398?rc=N&ntype=RANKING,20230405,뉴스1
489,299,89787,0.8992184400558472,202207200550000987259,고속도로 주행 중인 차량서 화재…3명 다쳐,https://n.news.naver.com/mnews/article/055/0000987259?rc=N&ntype=RANKING,20220720,SBS
490,115,18792,0.8471415042877197,202308180160002184989,캐나다 산불 ‘역대급’…10년치 7배 태우고 17만명 ‘엑소더스’,https://n.news.naver.com/mnews/article/016/0002184989,20230818,헤럴드경제
491,277,138772,0.8823776245117188,202112170570001629056,일본 오사카 빌딩 화재로 27명 심정지…방화 혐의 조사중,https://news.naver.com/main/read.naver?mode=LPOD&mid=sec&oid=057&aid=0001629056,20211217,MBN
492,591,126021,0.8705956339836121,202203010110004024541,'중대재해 예방 컨설팅' 주목받는 삼성화재,https://news.naver.com/main/read.naver?mode=LPOD&mid=sec&oid=011&aid=0004024541,20220301,서울경제
493,289,94963,0.9019178748130798,202206034210006138883,"남원 식품 제조·가공 공장서 불…소방당국 ""진화 중""",https://n.news.naver.com/mnews/article/421/0006138883?rc=N&ntype=RANKING,20220603,뉴스1
494,249,91073,0.790063738822937,202207091080003069294,"""다 타버렸다""..'고성댁' 하재숙, 화재사고에 안타까움 [스타IN★]",https://entertain.naver.com/now/read?oid=108&aid=0003069294,20220709,스타뉴스
495,573,13102,0.9051777720451355,202310050560011576869,제지공장서 불…소방 대응 1단계 발령,https://n.news.naver.com/mnews/article/056/0011576869,20231005,KBS
496,41,3642,0.9292452335357666,202312070160002235949,경희대 국제캠퍼스서 화재…학생 등 350여명 대피,https://n.news.naver.com/mnews/article/016/0002235949,20231207,헤럴드경제
497,269,19778,0.8443030118942261,202308134210006987904,가스토치 부주의…고창 음식점서 불 40대 업주 2도 화상,https://n.news.naver.com/mnews/article/421/0006987904,20230813,뉴스1
498,626,158180,0.9078105092048645,202105240010012412907,인천 스펀지 공장서 큰불…소방당국 대응 2단계 발령,https://news.naver.com/main/read.nhn?mode=LPOD&mid=sec&oid=001&aid=0012412907,20210524,연합뉴스
499,185,77756,0.7343575358390808,202210200810003310329,"[국정감4] 민주당 압색에 난장판 된 법사위 대검 국감, 카카오 화재 원인 ‘UPS화재 도마 위",https://n.news.naver.com/mnews/article/081/0003310329?rc=N&ntype=RANKING,20221020,서울신문
